registro;timestamp;humedad_pct;humedad_raw;estado_suelo;temperatura_c;notas
1;T+00:00:01;30;3022;SECO;33.75;
2;T+00:00:05;0;4095;SECO;33.69;
3;T+00:00:08;0;4095;SECO;33.75;
4;T+00:00:11;0;4095;SECO;33.69;
5;T+00:00:14;0;4095;SECO;33.56;
6;T+00:00:17;0;4095;SECO;33.63;
7;T+00:00:20;0;4095;SECO;33.56;
8;T+00:00:23;0;4075;SECO;33.44;
9;T+00:00:26;0;4080;SECO;33.44;
10;T+00:00:29;1;4028;SECO;33.25;
11;T+00:00:32;2;4022;SECO;33.19;
12;T+00:00:35;2;4018;SECO;33.19;
13;T+00:00:38;2;4014;SECO;33.13;
14;T+00:00:41;2;4006;SECO;32.94;
15;T+00:00:44;3;3985;SECO;33.00;
16;T+00:00:47;2;4003;SECO;32.94;
17;T+00:00:50;2;4017;SECO;32.94;
18;T+00:00:53;2;4018;SECO;32.75;
19;T+00:00:56;2;4023;SECO;32.75;
20;T+00:00:59;2;4022;SECO;32.63;
21;T+00:01:02;2;4020;SECO;32.56;
22;T+00:01:05;1;4026;SECO;32.63;
23;T+00:00:01;0;4095;SECO;32.38;
24;T+00:05:01;0;4095;SECO;30.31;
25;T+00:10:01;0;4095;SECO;30.12;
26;T+00:15:01;0;4095;SECO;30.25;
27;T+00:20:01;0;4095;SECO;30.19;
28;T+00:25:01;0;4095;SECO;29.94;
29;T+00:00:01;0;4095;SECO;30.37;
30;T+00:00:01;0;4095;SECO;NA;
31;T+00:00:01;0;4095;SECO;31.06;
32;T+00:00:01;0;4095;SECO;31.25;
33;T+00:00:01;0;4095;SECO;31.12;
34;T+00:00:01;0;4095;SECO;31.25;
35;T+00:00:01;0;4095;SECO;31.25;
36;T+00:05:01;100;0;HUMEDO;28.69;
37;T+00:10:01;100;0;HUMEDO;28.62;
38;T+00:15:01;100;0;HUMEDO;28.56;
39;T+00:20:01;100;0;HUMEDO;28.62;
40;T+00:25:01;100;0;HUMEDO;28.50;
41;T+00:30:01;100;0;HUMEDO;28.44;
42;T+00:35:01;100;0;HUMEDO;28.56;
43;T+00:40:01;100;0;HUMEDO;28.62;
44;T+00:45:01;100;0;HUMEDO;28.56;
45;T+00:50:01;100;0;HUMEDO;28.75;
46;T+00:55:01;100;0;HUMEDO;28.69;
47;T+01:00:01;100;0;HUMEDO;28.62;
48;T+01:05:01;100;0;HUMEDO;28.56;
49;T+01:10:01;100;0;HUMEDO;28.69;
50;T+01:15:01;100;0;HUMEDO;28.75;
51;T+01:20:01;100;0;HUMEDO;28.69;
52;T+01:25:01;100;0;HUMEDO;28.75;
53;T+01:30:01;100;0;HUMEDO;28.75;
54;T+01:35:01;100;0;HUMEDO;28.81;
55;T+01:40:01;100;0;HUMEDO;28.75;
56;T+01:45:01;100;0;HUMEDO;28.81;
57;T+01:50:01;100;0;HUMEDO;28.81;
58;T+01:55:01;100;0;HUMEDO;29.00;
59;T+02:00:01;100;0;HUMEDO;29.06;
60;T+02:05:01;100;0;HUMEDO;29.12;
61;T+02:10:01;100;0;HUMEDO;29.06;
62;T+02:15:01;100;0;HUMEDO;29.25;
63;T+02:20:01;100;0;HUMEDO;29.12;
64;T+02:25:01;100;0;HUMEDO;29.19;
65;T+02:30:01;100;0;HUMEDO;29.31;
66;T+02:35:01;100;0;HUMEDO;29.31;
67;T+02:40:01;100;0;HUMEDO;29.37;
68;T+02:45:01;100;0;HUMEDO;29.50;
69;T+02:50:01;100;0;HUMEDO;29.50;
70;T+02:55:01;100;0;HUMEDO;29.50;
71;T+03:00:01;100;0;HUMEDO;29.69;
72;T+03:05:01;100;0;HUMEDO;29.69;
73;T+03:10:01;100;0;HUMEDO;29.62;
74;T+03:15:01;100;0;HUMEDO;29.75;
75;T+03:20:01;100;0;HUMEDO;29.81;
76;T+03:25:01;100;0;HUMEDO;29.87;
77;T+03:30:01;100;0;HUMEDO;30.00;
78;T+03:35:01;100;0;HUMEDO;29.87;
79;T+03:40:01;100;0;HUMEDO;29.94;
80;T+03:45:01;100;0;HUMEDO;30.00;
81;T+03:50:01;100;0;HUMEDO;30.12;
82;T+03:55:01;100;0;HUMEDO;30.06;
83;T+04:00:01;100;0;HUMEDO;30.12;
84;T+04:05:01;100;0;HUMEDO;30.19;
85;T+04:10:01;100;0;HUMEDO;30.12;
86;T+04:15:01;100;0;HUMEDO;30.31;
87;T+04:20:01;100;0;HUMEDO;30.31;
88;T+04:25:01;100;0;HUMEDO;30.37;
89;T+04:30:01;100;0;HUMEDO;30.31;
90;T+04:35:01;100;0;HUMEDO;30.44;
91;T+04:40:01;100;0;HUMEDO;30.50;
92;T+04:45:01;100;0;HUMEDO;30.44;
93;T+04:50:01;100;0;HUMEDO;30.44;
94;T+04:55:01;100;0;HUMEDO;30.56;
95;T+05:00:01;100;0;HUMEDO;30.69;
96;T+05:05:01;100;0;HUMEDO;30.69;
97;T+05:10:01;100;0;HUMEDO;30.75;
98;T+05:15:01;100;0;HUMEDO;30.81;
99;T+05:20:01;100;0;HUMEDO;30.81;
100;T+05:25:01;100;0;HUMEDO;30.81;
101;T+05:30:01;100;0;HUMEDO;30.94;
102;T+05:35:01;100;0;HUMEDO;31.06;
103;T+05:40:01;100;0;HUMEDO;31.00;
104;T+05:45:01;100;0;HUMEDO;31.00;
105;T+05:50:01;100;0;HUMEDO;31.12;
106;T+05:55:01;100;0;HUMEDO;31.19;
107;T+06:00:01;100;0;HUMEDO;31.06;
108;T+06:05:01;100;0;HUMEDO;31.25;
109;T+06:10:01;100;0;HUMEDO;31.12;
110;T+06:15:01;100;0;HUMEDO;31.12;
111;T+06:20:01;100;0;HUMEDO;31.25;
112;T+06:25:01;100;0;HUMEDO;31.31;
113;T+06:30:01;100;0;HUMEDO;31.44;
114;T+06:35:01;100;0;HUMEDO;31.44;
115;T+06:40:01;100;0;HUMEDO;31.31;
116;T+06:45:01;100;0;HUMEDO;31.31;
117;T+06:50:01;100;0;HUMEDO;31.56;
118;T+06:55:01;100;0;HUMEDO;31.44;
119;T+07:00:01;100;0;HUMEDO;31.56;
120;T+07:05:01;100;0;HUMEDO;31.50;
121;T+07:10:01;100;0;HUMEDO;31.56;
122;T+07:15:01;100;0;HUMEDO;31.69;
123;T+07:20:01;100;0;HUMEDO;31.62;
124;T+07:25:01;100;0;HUMEDO;31.75;
125;T+07:30:01;100;0;HUMEDO;31.69;
126;T+07:35:01;100;0;HUMEDO;31.81;
127;T+07:40:01;100;0;HUMEDO;31.75;
128;T+07:45:01;100;0;HUMEDO;31.87;
129;T+07:50:01;100;0;HUMEDO;31.87;
130;T+07:55:01;100;0;HUMEDO;31.94;
131;T+08:00:01;100;0;HUMEDO;31.94;
132;T+08:05:01;100;0;HUMEDO;31.94;
133;T+08:10:01;100;0;HUMEDO;31.87;
134;T+08:15:01;100;0;HUMEDO;32.00;
135;T+08:20:01;100;0;HUMEDO;32.00;
136;T+08:25:01;100;0;HUMEDO;32.06;
137;T+08:30:01;100;0;HUMEDO;32.13;
138;T+08:35:01;100;0;HUMEDO;32.00;
139;T+08:40:01;100;0;HUMEDO;32.19;
140;T+08:45:01;100;0;HUMEDO;32.13;
141;T+08:50:01;100;0;HUMEDO;32.19;
142;T+08:55:01;100;0;HUMEDO;32.31;
143;T+09:00:01;100;0;HUMEDO;32.31;
144;T+09:05:01;100;0;HUMEDO;32.31;
145;T+09:10:01;100;0;HUMEDO;32.19;
146;T+09:15:01;100;0;HUMEDO;32.38;
147;T+09:20:01;100;0;HUMEDO;32.38;
148;T+09:25:01;100;0;HUMEDO;32.25;
149;T+09:30:01;100;0;HUMEDO;32.31;
150;T+09:35:01;100;0;HUMEDO;32.38;
151;T+09:40:01;100;0;HUMEDO;32.44;
152;T+09:45:01;100;0;HUMEDO;32.50;
153;T+09:50:01;100;0;HUMEDO;32.38;
154;T+09:55:01;100;0;HUMEDO;32.38;
155;T+10:00:01;100;0;HUMEDO;32.50;
156;T+10:05:01;100;0;HUMEDO;32.38;
157;T+10:10:01;100;0;HUMEDO;32.50;
158;T+10:15:01;100;0;HUMEDO;32.56;
159;T+10:20:01;100;0;HUMEDO;32.69;
160;T+10:25:01;100;0;HUMEDO;32.56;
161;T+10:30:01;100;0;HUMEDO;32.63;
162;T+10:35:01;100;0;HUMEDO;32.69;
163;T+10:40:01;100;0;HUMEDO;32.50;
164;T+10:45:01;100;0;HUMEDO;32.69;
165;T+10:50:01;100;0;HUMEDO;32.69;
166;T+10:55:01;100;0;HUMEDO;32.63;
167;T+11:00:01;100;0;HUMEDO;32.75;
168;T+11:05:01;100;0;HUMEDO;32.63;
169;T+11:10:01;100;0;HUMEDO;32.69;
170;T+11:15:01;100;0;HUMEDO;32.63;
171;T+11:20:01;100;0;HUMEDO;32.81;
172;T+11:25:01;100;0;HUMEDO;32.75;
173;T+11:30:01;100;0;HUMEDO;32.88;
174;T+11:35:01;100;0;HUMEDO;32.75;
175;T+11:40:01;100;0;HUMEDO;32.75;
176;T+11:45:01;100;0;HUMEDO;32.75;
177;T+11:50:01;100;0;HUMEDO;32.81;
178;T+11:55:01;100;0;HUMEDO;32.94;
179;T+12:00:01;100;0;HUMEDO;32.81;
180;T+12:05:01;100;0;HUMEDO;32.88;
181;T+12:10:01;100;0;HUMEDO;32.81;
182;T+12:15:01;100;0;HUMEDO;32.94;
183;T+12:20:01;100;0;HUMEDO;32.88;
184;T+12:25:01;100;0;HUMEDO;32.94;
185;T+12:30:01;100;0;HUMEDO;32.94;
186;T+12:35:01;100;0;HUMEDO;32.88;
187;T+12:40:01;100;0;HUMEDO;33.00;
188;T+12:45:01;100;0;HUMEDO;32.88;
189;T+12:50:01;100;0;HUMEDO;33.06;
190;T+12:55:01;100;0;HUMEDO;33.00;
191;T+13:00:01;100;0;HUMEDO;33.00;
192;T+13:05:01;100;0;HUMEDO;33.00;
193;T+13:10:01;100;0;HUMEDO;33.06;
194;T+13:15:01;100;0;HUMEDO;33.00;
195;T+13:20:01;100;0;HUMEDO;33.00;
196;T+13:25:01;100;0;HUMEDO;33.00;
197;T+13:30:01;100;0;HUMEDO;33.06;
198;T+13:35:01;100;0;HUMEDO;33.06;
199;T+13:40:01;100;0;HUMEDO;33.00;
200;T+13:45:01;100;0;HUMEDO;33.06;
201;T+13:50:01;100;0;HUMEDO;33.06;
202;T+13:55:01;100;0;HUMEDO;33.00;
203;T+14:00:01;100;0;HUMEDO;33.13;
204;T+14:05:01;100;0;HUMEDO;33.00;
205;T+14:10:01;100;0;HUMEDO;33.13;
206;T+14:15:01;100;0;HUMEDO;33.06;
207;T+14:20:01;100;0;HUMEDO;33.13;
208;T+14:25:01;100;0;HUMEDO;33.06;
209;T+14:30:01;100;0;HUMEDO;33.13;
210;T+14:35:01;100;0;HUMEDO;33.13;
211;T+14:40:01;100;0;HUMEDO;33.13;
212;T+14:45:01;100;0;HUMEDO;33.06;
213;T+14:50:01;100;0;HUMEDO;33.13;
214;T+14:55:01;100;0;HUMEDO;33.25;
215;T+15:00:01;100;0;HUMEDO;33.19;
216;T+15:05:01;100;0;HUMEDO;33.13;
217;T+15:10:01;100;0;HUMEDO;33.19;
218;T+15:15:01;100;0;HUMEDO;33.25;
219;T+15:20:01;100;0;HUMEDO;33.19;
220;T+15:25:01;100;0;HUMEDO;33.06;
221;T+15:30:01;100;0;HUMEDO;33.13;
222;T+15:35:01;100;0;HUMEDO;33.19;
223;T+15:40:01;100;0;HUMEDO;33.19;
224;T+15:45:01;100;0;HUMEDO;33.19;
225;T+15:50:01;100;0;HUMEDO;33.13;
226;T+15:55:01;100;0;HUMEDO;33.25;
227;T+16:00:01;100;0;HUMEDO;33.00;
228;T+16:05:01;100;0;HUMEDO;33.06;
229;T+16:10:01;100;0;HUMEDO;33.13;
230;T+16:15:01;100;0;HUMEDO;33.19;
231;T+16:20:01;100;0;HUMEDO;33.06;
232;T+16:25:01;100;0;HUMEDO;33.19;
233;T+16:30:01;100;0;HUMEDO;33.19;
234;T+16:35:01;100;0;HUMEDO;33.19;
235;T+16:40:01;100;0;HUMEDO;33.13;
236;T+16:45:01;100;0;HUMEDO;33.25;
237;T+16:50:01;100;0;HUMEDO;33.19;
238;T+16:55:01;100;0;HUMEDO;33.25;
239;T+17:00:01;100;0;HUMEDO;33.06;
240;T+17:05:01;100;0;HUMEDO;33.25;
241;T+17:10:01;100;0;HUMEDO;33.06;
242;T+17:15:01;100;0;HUMEDO;33.19;
243;T+17:20:01;100;0;HUMEDO;33.25;
244;T+17:25:01;100;0;HUMEDO;33.31;
245;T+17:30:01;100;0;HUMEDO;33.31;
246;T+17:35:01;100;0;HUMEDO;33.13;
247;T+17:40:01;100;0;HUMEDO;33.06;
248;T+17:45:01;100;0;HUMEDO;33.06;
249;T+17:50:01;100;0;HUMEDO;33.06;
250;T+17:55:01;100;0;HUMEDO;33.13;
251;T+18:00:01;100;0;HUMEDO;33.19;
252;T+18:05:01;100;0;HUMEDO;33.19;
253;T+18:10:01;100;0;HUMEDO;33.13;
254;T+18:15:01;100;0;HUMEDO;33.19;
255;T+18:20:01;100;0;HUMEDO;33.13;
256;T+18:25:01;100;0;HUMEDO;33.19;
257;T+18:30:01;100;0;HUMEDO;33.19;
258;T+18:35:01;100;0;HUMEDO;33.06;
259;T+18:40:01;100;0;HUMEDO;33.13;
260;T+18:45:01;100;0;HUMEDO;33.19;
261;T+18:50:01;100;0;HUMEDO;33.19;
262;T+18:55:01;100;0;HUMEDO;33.19;
263;T+19:00:01;100;0;HUMEDO;33.19;
264;T+19:05:01;100;0;HUMEDO;33.13;
265;T+19:10:01;100;0;HUMEDO;33.25;
266;T+19:15:01;100;0;HUMEDO;33.19;
267;T+19:20:01;100;0;HUMEDO;33.06;
268;T+19:25:01;100;0;HUMEDO;33.19;
269;T+19:30:01;100;0;HUMEDO;33.19;
270;T+19:35:01;100;0;HUMEDO;33.13;
271;T+19:40:01;100;0;HUMEDO;33.25;
272;T+19:45:01;100;0;HUMEDO;33.25;
273;T+19:50:01;100;0;HUMEDO;33.25;
274;T+19:55:01;100;0;HUMEDO;33.19;
275;T+20:00:01;100;0;HUMEDO;33.31;
276;T+20:05:01;100;0;HUMEDO;33.31;
277;T+20:10:01;100;0;HUMEDO;33.25;
278;T+20:15:01;100;0;HUMEDO;33.25;
279;T+20:20:01;100;0;HUMEDO;33.38;
280;T+20:25:01;100;0;HUMEDO;33.19;
281;T+20:30:01;100;0;HUMEDO;33.44;
282;T+20:35:01;100;0;HUMEDO;33.19;
283;T+20:40:01;100;0;HUMEDO;33.25;
284;T+20:45:01;100;0;HUMEDO;33.25;
285;T+20:50:01;100;0;HUMEDO;33.25;
286;T+20:55:01;100;0;HUMEDO;33.38;
287;T+21:00:01;100;0;HUMEDO;33.31;
288;T+21:05:01;100;0;HUMEDO;33.44;
289;T+21:10:01;100;0;HUMEDO;33.38;
290;T+21:15:01;100;0;HUMEDO;33.38;
291;T+21:20:01;100;0;HUMEDO;33.38;
292;T+21:25:01;100;0;HUMEDO;33.38;
293;T+21:30:01;100;0;HUMEDO;33.38;
294;T+21:35:01;100;0;HUMEDO;33.50;
295;T+21:40:01;100;0;HUMEDO;33.56;
296;T+21:45:01;100;0;HUMEDO;33.50;
297;T+21:50:01;100;0;HUMEDO;33.50;
298;T+21:55:01;100;0;HUMEDO;33.56;
299;T+22:00:01;100;0;HUMEDO;33.63;
300;T+22:05:01;100;0;HUMEDO;33.50;
301;T+22:10:01;100;0;HUMEDO;33.63;
302;T+22:15:01;100;0;HUMEDO;33.56;
303;T+22:20:01;100;0;HUMEDO;33.69;
304;T+22:25:01;100;0;HUMEDO;33.69;
305;T+22:30:01;100;0;HUMEDO;33.56;
306;T+22:35:01;100;0;HUMEDO;33.69;
307;T+22:40:01;100;0;HUMEDO;33.63;
308;T+22:45:01;100;0;HUMEDO;33.75;
309;T+22:50:01;100;0;HUMEDO;33.81;
310;T+22:55:01;100;0;HUMEDO;33.75;
311;T+23:00:01;100;0;HUMEDO;33.69;
312;T+23:05:01;100;0;HUMEDO;33.69;
313;T+23:10:01;100;0;HUMEDO;33.75;
314;T+23:15:01;100;0;HUMEDO;33.88;
315;T+23:20:01;100;0;HUMEDO;33.81;
316;T+23:25:01;100;0;HUMEDO;33.69;
317;T+23:30:01;100;0;HUMEDO;33.75;
318;T+23:35:01;100;0;HUMEDO;33.94;
319;T+23:40:01;100;0;HUMEDO;33.94;
320;T+23:45:01;100;0;HUMEDO;33.94;
321;T+23:50:01;100;0;HUMEDO;33.94;
322;T+23:55:01;100;0;HUMEDO;34.00;
323;T+24:00:01;100;0;HUMEDO;34.00;
324;T+24:05:01;100;0;HUMEDO;33.94;
325;T+24:10:01;100;0;HUMEDO;33.94;
326;T+24:15:01;100;0;HUMEDO;33.88;
327;T+24:20:01;100;0;HUMEDO;34.00;
328;T+24:25:01;100;0;HUMEDO;34.06;
329;T+24:30:01;100;0;HUMEDO;33.94;
330;T+24:35:01;100;0;HUMEDO;34.00;
331;T+24:40:01;100;0;HUMEDO;34.13;
332;T+24:45:01;100;0;HUMEDO;34.06;
333;T+24:50:01;100;0;HUMEDO;34.06;
334;T+24:55:01;100;0;HUMEDO;34.13;
335;T+25:00:01;100;0;HUMEDO;34.31;
336;T+25:05:01;100;0;HUMEDO;34.25;
337;T+25:10:01;100;0;HUMEDO;34.25;
338;T+25:15:01;100;0;HUMEDO;34.38;
339;T+25:20:01;100;0;HUMEDO;34.38;
340;T+25:25:01;100;0;HUMEDO;34.44;
341;T+25:30:01;100;0;HUMEDO;34.38;
342;T+25:35:01;100;0;HUMEDO;34.44;
343;T+25:40:01;100;0;HUMEDO;34.50;
344;T+25:45:01;100;0;HUMEDO;34.50;
345;T+25:50:01;100;0;HUMEDO;34.63;
346;T+25:55:01;100;0;HUMEDO;34.69;
347;T+26:00:01;100;0;HUMEDO;34.75;
348;T+26:05:01;100;0;HUMEDO;34.69;
349;T+26:10:01;100;0;HUMEDO;34.81;
350;T+26:15:01;100;0;HUMEDO;34.88;
351;T+26:20:01;100;0;HUMEDO;34.88;
352;T+26:25:01;100;0;HUMEDO;34.94;
353;T+26:30:01;100;0;HUMEDO;34.88;
354;T+26:35:01;100;0;HUMEDO;35.00;
355;T+26:40:01;100;0;HUMEDO;35.06;
356;T+26:45:01;100;0;HUMEDO;35.19;
357;T+26:50:01;100;0;HUMEDO;35.19;
358;T+26:55:01;100;0;HUMEDO;35.13;
359;T+27:00:01;100;0;HUMEDO;35.25;
360;T+27:05:01;100;0;HUMEDO;35.19;
361;T+27:10:01;100;0;HUMEDO;35.31;
362;T+27:15:01;100;0;HUMEDO;35.31;
363;T+27:20:01;100;0;HUMEDO;35.31;
364;T+27:25:01;100;0;HUMEDO;35.50;
365;T+27:30:01;100;0;HUMEDO;35.56;
366;T+27:35:01;100;0;HUMEDO;35.50;
367;T+27:40:01;100;0;HUMEDO;35.56;
368;T+27:45:01;100;0;HUMEDO;35.63;
369;T+27:50:01;100;0;HUMEDO;35.56;
370;T+27:55:01;100;0;HUMEDO;35.75;
371;T+28:00:01;100;0;HUMEDO;35.69;
372;T+28:05:01;100;0;HUMEDO;35.69;
373;T+28:10:01;100;0;HUMEDO;35.75;
374;T+28:15:01;100;0;HUMEDO;35.88;
375;T+28:20:01;100;0;HUMEDO;35.88;
376;T+28:25:01;100;0;HUMEDO;35.88;
377;T+28:30:01;100;0;HUMEDO;36.00;
378;T+28:35:01;100;0;HUMEDO;36.00;
379;T+28:40:01;100;0;HUMEDO;36.06;
380;T+28:45:01;100;0;HUMEDO;36.00;
381;T+28:50:01;100;0;HUMEDO;36.06;
382;T+28:55:01;100;0;HUMEDO;36.13;
383;T+29:00:01;100;0;HUMEDO;36.13;
384;T+29:05:01;100;0;HUMEDO;36.19;
385;T+29:10:01;100;0;HUMEDO;36.25;
386;T+29:15:01;100;0;HUMEDO;36.19;
387;T+29:20:01;100;0;HUMEDO;36.31;
388;T+29:25:01;100;0;HUMEDO;36.13;
389;T+29:30:01;100;0;HUMEDO;36.13;
390;T+29:35:01;100;0;HUMEDO;36.25;
391;T+29:40:01;100;0;HUMEDO;36.31;
392;T+29:45:01;100;0;HUMEDO;36.38;
393;T+29:50:01;100;0;HUMEDO;36.31;
394;T+29:55:01;100;0;HUMEDO;36.31;
395;T+30:00:01;100;0;HUMEDO;36.25;
396;T+30:05:01;100;0;HUMEDO;36.44;
397;T+30:10:01;100;0;HUMEDO;36.38;
398;T+30:15:01;100;0;HUMEDO;36.44;
399;T+30:20:01;100;0;HUMEDO;36.50;
400;T+30:25:01;100;0;HUMEDO;36.50;
401;T+30:30:01;100;0;HUMEDO;36.50;
402;T+30:35:01;100;0;HUMEDO;36.38;
403;T+30:40:01;100;0;HUMEDO;36.50;
404;T+30:45:01;100;0;HUMEDO;36.50;
405;T+30:50:01;100;0;HUMEDO;36.44;
406;T+30:55:01;100;0;HUMEDO;36.50;
407;T+31:00:01;100;0;HUMEDO;36.44;
408;T+31:05:01;100;0;HUMEDO;36.44;
409;T+31:10:01;100;0;HUMEDO;36.56;
410;T+31:15:01;100;0;HUMEDO;36.38;
411;T+31:20:01;100;0;HUMEDO;36.50;
412;T+31:25:01;100;0;HUMEDO;36.50;
413;T+31:30:01;100;0;HUMEDO;36.44;
414;T+31:35:01;100;0;HUMEDO;36.50;
415;T+31:40:01;100;0;HUMEDO;36.63;
416;T+31:45:01;100;0;HUMEDO;36.50;
417;T+31:50:01;100;0;HUMEDO;36.50;
418;T+31:55:01;100;0;HUMEDO;36.50;
419;T+32:00:01;100;0;HUMEDO;36.50;
420;T+32:05:01;100;0;HUMEDO;36.56;
421;T+32:10:01;100;0;HUMEDO;36.44;
422;T+32:15:01;100;0;HUMEDO;36.38;
423;T+32:20:01;100;0;HUMEDO;36.44;
424;T+32:25:01;100;0;HUMEDO;36.44;
425;T+32:30:01;100;0;HUMEDO;36.63;
426;T+32:35:01;100;0;HUMEDO;36.50;
427;T+32:40:01;100;0;HUMEDO;36.50;
428;T+32:45:01;100;0;HUMEDO;36.44;
429;T+32:50:01;100;0;HUMEDO;36.38;
430;T+32:55:01;100;0;HUMEDO;36.44;
431;T+33:00:01;100;0;HUMEDO;36.38;
432;T+33:05:01;100;0;HUMEDO;36.50;
433;T+33:10:01;100;0;HUMEDO;36.38;
434;T+33:15:01;100;0;HUMEDO;36.44;
435;T+33:20:01;100;0;HUMEDO;36.44;
436;T+33:25:01;100;0;HUMEDO;36.44;
437;T+33:30:01;100;0;HUMEDO;36.31;
438;T+33:35:01;100;0;HUMEDO;36.31;
439;T+33:40:01;100;0;HUMEDO;36.50;
440;T+33:45:01;100;0;HUMEDO;36.38;
441;T+33:50:01;100;0;HUMEDO;36.25;
442;T+33:55:01;100;0;HUMEDO;36.25;
443;T+34:00:01;100;0;HUMEDO;36.25;
444;T+34:05:01;100;0;HUMEDO;36.19;
445;T+34:10:01;100;0;HUMEDO;36.38;
446;T+34:15:01;100;0;HUMEDO;36.19;
447;T+34:20:01;100;0;HUMEDO;36.38;
448;T+34:25:01;100;0;HUMEDO;36.19;
449;T+34:30:01;100;0;HUMEDO;36.13;
450;T+34:35:01;100;0;HUMEDO;36.13;
451;T+34:40:01;100;0;HUMEDO;36.19;
452;T+34:45:01;100;0;HUMEDO;36.13;
453;T+34:50:01;100;0;HUMEDO;36.06;
454;T+34:55:01;100;0;HUMEDO;36.25;
455;T+35:00:01;100;0;HUMEDO;36.06;
456;T+35:05:01;100;0;HUMEDO;36.13;
457;T+35:10:01;100;0;HUMEDO;36.13;
458;T+35:15:01;100;0;HUMEDO;36.00;
459;T+35:20:01;100;0;HUMEDO;36.00;
460;T+35:25:01;100;0;HUMEDO;36.06;
461;T+35:30:01;100;0;HUMEDO;36.06;
462;T+35:35:01;100;0;HUMEDO;35.94;
463;T+35:40:01;100;0;HUMEDO;35.94;
464;T+35:45:01;100;0;HUMEDO;35.94;
465;T+35:50:01;100;0;HUMEDO;35.94;
466;T+35:55:01;100;0;HUMEDO;36.00;
467;T+36:00:01;100;0;HUMEDO;36.00;
468;T+36:05:01;100;0;HUMEDO;35.81;
469;T+36:10:01;100;0;HUMEDO;35.94;
470;T+36:15:01;100;0;HUMEDO;35.94;
471;T+36:20:01;100;0;HUMEDO;35.81;
472;T+36:25:01;100;0;HUMEDO;35.81;
473;T+36:30:01;100;0;HUMEDO;35.81;
474;T+36:35:01;100;0;HUMEDO;35.75;
475;T+36:40:01;100;0;HUMEDO;35.69;
476;T+36:45:01;100;0;HUMEDO;35.63;
477;T+36:50:01;100;0;HUMEDO;35.75;
478;T+36:55:01;100;0;HUMEDO;35.69;
479;T+37:00:01;100;0;HUMEDO;35.69;
480;T+37:05:01;100;0;HUMEDO;35.63;
481;T+37:10:01;100;0;HUMEDO;35.50;
482;T+37:15:01;100;0;HUMEDO;35.56;
483;T+37:20:01;100;0;HUMEDO;35.63;
484;T+37:25:01;100;0;HUMEDO;35.50;
485;T+37:30:01;100;0;HUMEDO;35.50;
486;T+37:35:01;100;0;HUMEDO;35.44;
487;T+37:40:01;100;0;HUMEDO;35.50;
488;T+37:45:01;100;0;HUMEDO;35.50;
489;T+37:50:01;100;0;HUMEDO;35.44;
490;T+37:55:01;100;0;HUMEDO;35.31;
491;T+38:00:01;100;0;HUMEDO;35.44;
492;T+38:05:01;100;0;HUMEDO;35.44;
493;T+38:10:01;100;0;HUMEDO;35.44;
494;T+38:15:01;100;0;HUMEDO;35.38;
495;T+38:20:01;100;0;HUMEDO;35.31;
496;T+38:25:01;100;0;HUMEDO;35.38;
497;T+38:30:01;100;0;HUMEDO;35.31;
498;T+38:35:01;100;0;HUMEDO;35.38;
499;T+38:40:01;100;0;HUMEDO;35.31;
500;T+38:45:01;100;0;HUMEDO;35.13;
501;T+38:50:01;100;0;HUMEDO;35.19;
502;T+38:55:01;100;0;HUMEDO;35.06;
503;T+39:00:01;100;0;HUMEDO;35.19;
504;T+39:05:01;100;0;HUMEDO;35.06;
505;T+39:10:01;100;0;HUMEDO;35.00;
506;T+39:15:01;100;0;HUMEDO;35.19;
507;T+39:20:01;100;0;HUMEDO;35.00;
508;T+39:25:01;100;0;HUMEDO;35.06;
509;T+39:30:01;100;0;HUMEDO;35.06;
510;T+39:35:01;100;0;HUMEDO;35.06;
511;T+39:40:01;100;0;HUMEDO;34.94;
512;T+39:45:01;100;0;HUMEDO;34.94;
513;T+39:50:01;100;0;HUMEDO;34.94;
514;T+39:55:01;100;0;HUMEDO;34.88;
515;T+40:00:01;100;0;HUMEDO;34.94;
516;T+40:05:01;100;0;HUMEDO;34.94;
517;T+40:10:01;100;0;HUMEDO;34.75;
518;T+40:15:01;100;0;HUMEDO;34.88;
519;T+40:20:01;100;0;HUMEDO;34.88;
520;T+40:25:01;100;0;HUMEDO;34.75;
521;T+40:30:01;100;0;HUMEDO;34.81;
522;T+40:35:01;100;0;HUMEDO;34.81;
523;T+40:40:01;100;0;HUMEDO;34.69;
524;T+40:45:01;100;0;HUMEDO;34.56;
525;T+40:50:01;100;0;HUMEDO;34.69;
526;T+40:55:01;100;0;HUMEDO;34.63;
527;T+41:00:01;100;0;HUMEDO;34.56;
528;T+41:05:01;100;0;HUMEDO;34.44;
529;T+41:10:01;100;0;HUMEDO;34.56;
530;T+41:15:01;100;0;HUMEDO;34.56;
531;T+41:20:01;100;0;HUMEDO;34.56;
532;T+41:25:01;100;0;HUMEDO;34.56;
533;T+41:30:01;100;0;HUMEDO;34.56;
534;T+41:35:01;100;0;HUMEDO;34.56;
535;T+41:40:01;100;0;HUMEDO;34.31;
536;T+41:45:01;100;0;HUMEDO;34.50;
537;T+41:50:01;100;0;HUMEDO;34.50;
538;T+41:55:01;100;0;HUMEDO;34.44;
539;T+42:00:01;100;0;HUMEDO;34.31;
540;T+42:05:01;100;0;HUMEDO;34.38;
541;T+42:10:01;100;0;HUMEDO;34.38;
542;T+42:15:01;100;0;HUMEDO;34.25;
543;T+42:20:01;100;0;HUMEDO;34.25;
544;T+42:25:01;100;0;HUMEDO;34.31;
545;T+42:30:01;100;0;HUMEDO;34.25;
546;T+42:35:01;100;0;HUMEDO;34.25;
547;T+42:40:01;100;0;HUMEDO;34.19;
548;T+42:45:01;100;0;HUMEDO;34.25;
549;T+42:50:01;100;0;HUMEDO;34.13;
550;T+42:55:01;100;0;HUMEDO;34.13;
551;T+43:00:01;100;0;HUMEDO;34.25;
552;T+43:05:01;100;0;HUMEDO;34.19;
553;T+43:10:01;100;0;HUMEDO;34.19;
554;T+43:15:01;100;0;HUMEDO;34.00;
555;T+43:20:01;100;0;HUMEDO;34.13;
556;T+43:25:01;100;0;HUMEDO;34.00;
557;T+43:30:01;100;0;HUMEDO;33.94;
558;T+43:35:01;100;0;HUMEDO;33.88;
559;T+43:40:01;100;0;HUMEDO;34.13;
560;T+43:45:01;100;0;HUMEDO;34.06;
561;T+43:50:01;100;0;HUMEDO;33.94;
562;T+43:55:01;100;0;HUMEDO;34.00;
563;T+44:00:01;100;0;HUMEDO;33.88;
564;T+44:05:01;100;0;HUMEDO;33.88;
565;T+44:10:01;100;0;HUMEDO;33.94;
566;T+44:15:01;100;0;HUMEDO;33.88;
567;T+44:20:01;100;0;HUMEDO;33.88;
568;T+44:25:01;100;0;HUMEDO;33.94;
569;T+44:30:01;100;0;HUMEDO;34.00;
570;T+44:35:01;100;0;HUMEDO;33.88;
571;T+44:40:01;100;0;HUMEDO;33.88;
572;T+44:45:01;100;0;HUMEDO;33.94;
573;T+44:50:01;100;0;HUMEDO;34.00;
574;T+44:55:01;100;0;HUMEDO;33.94;
575;T+45:00:01;100;0;HUMEDO;33.88;
576;T+45:05:01;100;0;HUMEDO;33.88;
577;T+45:10:01;100;0;HUMEDO;33.88;
578;T+45:15:01;100;0;HUMEDO;33.94;
579;T+45:20:01;100;0;HUMEDO;33.88;
580;T+45:25:01;100;0;HUMEDO;33.81;
581;T+45:30:01;100;0;HUMEDO;33.81;
582;T+45:35:01;100;0;HUMEDO;33.81;
583;T+45:40:01;100;0;HUMEDO;33.81;
584;T+45:45:01;100;0;HUMEDO;33.75;
585;T+45:50:01;100;0;HUMEDO;33.75;
586;T+45:55:01;100;0;HUMEDO;33.75;
587;T+46:00:01;100;0;HUMEDO;33.81;
588;T+46:05:01;100;0;HUMEDO;33.81;
589;T+46:10:01;100;0;HUMEDO;33.75;
590;T+46:15:01;100;0;HUMEDO;33.75;
591;T+46:20:01;100;0;HUMEDO;33.81;
592;T+46:25:01;100;0;HUMEDO;33.69;
593;T+46:30:01;100;0;HUMEDO;33.81;
594;T+46:35:01;100;0;HUMEDO;33.75;
595;T+46:40:01;100;0;HUMEDO;33.75;
596;T+46:45:01;100;0;HUMEDO;33.81;
597;T+46:50:01;100;0;HUMEDO;33.69;
598;T+46:55:01;100;0;HUMEDO;33.81;
599;T+47:00:01;100;0;HUMEDO;33.81;
600;T+47:05:01;100;0;HUMEDO;33.75;
601;T+47:10:01;100;0;HUMEDO;33.81;
602;T+47:15:01;100;0;HUMEDO;33.75;
603;T+47:20:01;100;0;HUMEDO;33.81;
604;T+47:25:01;100;0;HUMEDO;33.81;
605;T+47:30:01;100;0;HUMEDO;33.81;
606;T+47:35:01;100;0;HUMEDO;33.81;
607;T+47:40:01;100;0;HUMEDO;33.69;
608;T+47:45:01;100;0;HUMEDO;33.75;
609;T+47:50:01;100;0;HUMEDO;33.75;
610;T+47:55:01;100;0;HUMEDO;33.75;
611;T+48:00:01;100;0;HUMEDO;33.75;
612;T+48:05:01;100;0;HUMEDO;33.81;
613;T+48:10:01;100;0;HUMEDO;33.81;
614;T+48:15:01;100;0;HUMEDO;33.75;
615;T+48:20:01;100;0;HUMEDO;33.88;
616;T+48:25:01;100;0;HUMEDO;33.75;
617;T+48:30:01;100;0;HUMEDO;33.69;
618;T+48:35:01;100;0;HUMEDO;33.81;
619;T+48:40:01;100;0;HUMEDO;33.81;
620;T+48:45:01;100;0;HUMEDO;33.81;
621;T+48:50:01;100;0;HUMEDO;33.81;
622;T+48:55:01;100;0;HUMEDO;33.75;
623;T+49:00:01;100;0;HUMEDO;33.88;
624;T+49:05:01;100;0;HUMEDO;33.88;
625;T+49:10:01;100;0;HUMEDO;33.81;
626;T+49:15:01;100;0;HUMEDO;33.88;
627;T+49:20:01;100;0;HUMEDO;33.88;
628;T+49:25:01;100;0;HUMEDO;33.75;
629;T+49:30:01;100;0;HUMEDO;33.88;
630;T+49:35:01;100;0;HUMEDO;34.00;
631;T+49:40:01;100;0;HUMEDO;33.88;
632;T+49:45:01;100;0;HUMEDO;33.94;
633;T+49:50:01;100;0;HUMEDO;34.06;
634;T+49:55:01;100;0;HUMEDO;33.94;
635;T+50:00:01;100;0;HUMEDO;34.06;
636;T+50:05:01;100;0;HUMEDO;34.06;
637;T+50:10:01;100;0;HUMEDO;34.13;
638;T+50:15:01;100;0;HUMEDO;34.06;
639;T+50:20:01;100;0;HUMEDO;34.13;
640;T+50:25:01;100;0;HUMEDO;34.06;
641;T+50:30:01;100;0;HUMEDO;34.06;
642;T+50:35:01;100;0;HUMEDO;34.19;
643;T+50:40:01;100;0;HUMEDO;34.31;
644;T+50:45:01;100;0;HUMEDO;34.25;
645;T+50:50:01;100;0;HUMEDO;34.38;
646;T+50:55:01;100;0;HUMEDO;34.25;
647;T+51:00:01;100;0;HUMEDO;34.44;
648;T+51:05:01;100;0;HUMEDO;34.31;
649;T+51:10:01;100;0;HUMEDO;34.50;
650;T+51:15:01;100;0;HUMEDO;34.44;
651;T+51:20:01;100;0;HUMEDO;34.56;
652;T+51:25:01;100;0;HUMEDO;34.44;
653;T+51:30:01;100;0;HUMEDO;34.44;
654;T+51:35:01;100;0;HUMEDO;34.56;
655;T+51:40:01;100;0;HUMEDO;34.50;
656;T+51:45:01;100;0;HUMEDO;34.63;
657;T+51:50:01;100;0;HUMEDO;34.56;
658;T+51:55:01;100;0;HUMEDO;34.63;
659;T+52:00:01;100;0;HUMEDO;34.69;
660;T+52:05:01;100;0;HUMEDO;34.75;
661;T+52:10:01;100;0;HUMEDO;34.69;
662;T+52:15:01;100;0;HUMEDO;34.75;
663;T+52:20:01;100;0;HUMEDO;34.81;
664;T+52:25:01;100;0;HUMEDO;34.75;
665;T+52:30:01;100;0;HUMEDO;34.94;
666;T+52:35:01;100;0;HUMEDO;34.94;
667;T+52:40:01;100;0;HUMEDO;34.81;
668;T+52:45:01;100;0;HUMEDO;34.94;
669;T+52:50:01;100;0;HUMEDO;34.94;
670;T+52:55:01;100;0;HUMEDO;34.81;
671;T+53:00:01;100;0;HUMEDO;35.00;
672;T+53:05:01;100;0;HUMEDO;35.00;
673;T+53:10:01;100;0;HUMEDO;35.00;
674;T+53:15:01;100;0;HUMEDO;35.00;
675;T+53:20:01;100;0;HUMEDO;35.00;
676;T+53:25:01;100;0;HUMEDO;35.00;
677;T+53:30:01;100;0;HUMEDO;35.00;
678;T+53:35:01;100;0;HUMEDO;34.94;
679;T+53:40:01;100;0;HUMEDO;34.88;
680;T+53:45:01;100;0;HUMEDO;35.06;
681;T+53:50:01;100;0;HUMEDO;34.88;
682;T+53:55:01;100;0;HUMEDO;35.06;
683;T+54:00:01;100;0;HUMEDO;35.00;
684;T+54:05:01;100;0;HUMEDO;35.06;
685;T+54:10:01;100;0;HUMEDO;35.06;
686;T+54:15:01;100;0;HUMEDO;35.13;
687;T+54:20:01;100;0;HUMEDO;35.00;
688;T+54:25:01;100;0;HUMEDO;35.06;
689;T+54:30:01;100;0;HUMEDO;35.13;
690;T+54:35:01;100;0;HUMEDO;35.06;
691;T+54:40:01;100;0;HUMEDO;35.00;
692;T+54:45:01;100;0;HUMEDO;35.00;
693;T+54:50:01;100;0;HUMEDO;35.06;
694;T+54:55:01;100;0;HUMEDO;35.13;
695;T+55:00:01;100;0;HUMEDO;35.06;
696;T+55:05:01;100;0;HUMEDO;35.13;
697;T+55:10:01;100;0;HUMEDO;35.13;
698;T+55:15:01;100;0;HUMEDO;35.19;
699;T+55:20:01;100;0;HUMEDO;35.25;
700;T+55:25:01;100;0;HUMEDO;35.25;
701;T+55:30:01;100;0;HUMEDO;35.19;
702;T+55:35:01;100;0;HUMEDO;35.19;
703;T+55:40:01;100;0;HUMEDO;35.19;
704;T+55:45:01;100;0;HUMEDO;35.00;
705;T+55:50:01;100;0;HUMEDO;35.13;
706;T+55:55:01;100;0;HUMEDO;35.19;
707;T+56:00:01;100;0;HUMEDO;35.25;
708;T+56:05:01;100;0;HUMEDO;35.19;
709;T+56:10:01;100;0;HUMEDO;35.25;
710;T+56:15:01;100;0;HUMEDO;35.13;
711;T+56:20:01;100;0;HUMEDO;35.13;
712;T+56:25:01;100;0;HUMEDO;35.13;
713;T+56:30:01;100;0;HUMEDO;35.25;
714;T+56:35:01;100;0;HUMEDO;35.13;
715;T+56:40:01;100;0;HUMEDO;35.31;
716;T+56:45:01;100;0;HUMEDO;35.19;
717;T+56:50:01;100;0;HUMEDO;35.19;
718;T+56:55:01;100;0;HUMEDO;35.13;
719;T+57:00:01;100;0;HUMEDO;35.19;
720;T+57:05:01;100;0;HUMEDO;35.13;
721;T+57:10:01;100;0;HUMEDO;35.19;
722;T+57:15:01;100;0;HUMEDO;35.13;
723;T+57:20:01;100;0;HUMEDO;35.19;
724;T+57:25:01;100;0;HUMEDO;35.06;
725;T+57:30:01;100;0;HUMEDO;35.19;
726;T+57:35:01;100;0;HUMEDO;35.25;
727;T+57:40:01;100;0;HUMEDO;35.06;
728;T+57:45:01;100;0;HUMEDO;35.25;
729;T+57:50:01;100;0;HUMEDO;35.19;
730;T+57:55:01;100;0;HUMEDO;35.25;
731;T+58:00:01;100;0;HUMEDO;35.19;
732;T+58:05:01;100;0;HUMEDO;35.25;
733;T+58:10:01;100;0;HUMEDO;35.06;
734;T+58:15:01;100;0;HUMEDO;35.06;
735;T+58:20:01;100;0;HUMEDO;35.19;
736;T+58:25:01;100;0;HUMEDO;35.19;
737;T+58:30:01;100;0;HUMEDO;35.13;
738;T+58:35:01;100;0;HUMEDO;35.13;
739;T+58:40:01;100;0;HUMEDO;35.06;
740;T+58:45:01;100;0;HUMEDO;35.25;
741;T+58:50:01;100;0;HUMEDO;35.06;
742;T+58:55:01;100;0;HUMEDO;35.06;
743;T+59:00:01;100;0;HUMEDO;35.13;
744;T+59:05:01;100;0;HUMEDO;35.13;
745;T+59:10:01;100;0;HUMEDO;35.00;
746;T+59:15:01;100;0;HUMEDO;35.13;
747;T+59:20:01;100;0;HUMEDO;35.06;
748;T+59:25:01;100;0;HUMEDO;35.13;
749;T+59:30:01;100;0;HUMEDO;35.06;
750;T+59:35:01;100;0;HUMEDO;35.00;
751;T+59:40:01;100;0;HUMEDO;34.94;
752;T+59:45:01;100;0;HUMEDO;34.94;
753;T+59:50:01;100;0;HUMEDO;34.94;
754;T+59:55:01;100;0;HUMEDO;35.06;
755;T+60:00:01;100;0;HUMEDO;34.88;
756;T+60:05:01;100;0;HUMEDO;35.00;
757;T+60:10:01;100;0;HUMEDO;35.00;
758;T+60:15:01;100;0;HUMEDO;34.88;
759;T+60:20:01;100;0;HUMEDO;34.88;
760;T+60:25:01;100;0;HUMEDO;35.00;
761;T+60:30:01;100;0;HUMEDO;34.94;
762;T+60:35:01;100;0;HUMEDO;35.00;
763;T+60:40:01;100;0;HUMEDO;34.94;
764;T+60:45:01;100;0;HUMEDO;34.94;
765;T+60:50:01;100;0;HUMEDO;34.94;
766;T+60:55:01;100;0;HUMEDO;34.88;
767;T+61:00:01;100;0;HUMEDO;34.81;
768;T+61:05:01;100;0;HUMEDO;34.75;
769;T+61:10:01;100;0;HUMEDO;34.94;
770;T+61:15:01;100;0;HUMEDO;34.75;
771;T+61:20:01;100;0;HUMEDO;34.88;
772;T+61:25:01;100;0;HUMEDO;34.75;
773;T+61:30:01;100;0;HUMEDO;34.75;
774;T+61:35:01;100;0;HUMEDO;34.75;
775;T+61:40:01;100;0;HUMEDO;34.63;
776;T+61:45:01;100;0;HUMEDO;34.81;
777;T+61:50:01;100;0;HUMEDO;34.75;
778;T+61:55:01;100;0;HUMEDO;34.75;
779;T+62:00:01;100;0;HUMEDO;34.75;
780;T+62:05:01;100;0;HUMEDO;34.75;
781;T+62:10:01;100;0;HUMEDO;34.69;
782;T+62:15:01;100;0;HUMEDO;34.56;
783;T+62:20:01;100;0;HUMEDO;34.63;
784;T+62:25:01;100;0;HUMEDO;34.50;
785;T+62:30:01;100;0;HUMEDO;34.56;
786;T+62:35:01;100;0;HUMEDO;34.56;
787;T+62:40:01;100;0;HUMEDO;34.63;
788;T+62:45:01;100;0;HUMEDO;34.56;
789;T+62:50:01;100;0;HUMEDO;34.56;
790;T+62:55:01;100;0;HUMEDO;34.56;
791;T+63:00:01;100;0;HUMEDO;34.56;
792;T+63:05:01;100;0;HUMEDO;34.38;
793;T+63:10:01;100;0;HUMEDO;34.56;
794;T+63:15:01;100;0;HUMEDO;34.50;
795;T+63:20:01;100;0;HUMEDO;34.44;
796;T+63:25:01;100;0;HUMEDO;34.38;
797;T+63:30:01;100;0;HUMEDO;34.50;
798;T+63:35:01;100;0;HUMEDO;34.56;
799;T+63:40:01;100;0;HUMEDO;34.50;
800;T+63:45:01;100;0;HUMEDO;34.31;
801;T+63:50:01;100;0;HUMEDO;34.25;
802;T+63:55:01;100;0;HUMEDO;34.38;
803;T+64:00:01;100;0;HUMEDO;34.25;
804;T+64:05:01;100;0;HUMEDO;34.31;
805;T+64:10:01;100;0;HUMEDO;34.31;
806;T+64:15:01;100;0;HUMEDO;34.31;
807;T+64:20:01;100;0;HUMEDO;34.19;
808;T+64:25:01;100;0;HUMEDO;34.25;
809;T+64:30:01;100;0;HUMEDO;34.19;
810;T+64:35:01;100;0;HUMEDO;34.25;
811;T+64:40:01;100;0;HUMEDO;34.13;
812;T+64:45:01;100;0;HUMEDO;34.19;
813;T+64:50:01;100;0;HUMEDO;34.19;
814;T+64:55:01;100;0;HUMEDO;34.19;
815;T+65:00:01;100;0;HUMEDO;34.00;
816;T+65:05:01;100;0;HUMEDO;34.13;
817;T+65:10:01;100;0;HUMEDO;34.06;
818;T+65:15:01;100;0;HUMEDO;34.00;
819;T+65:20:01;100;0;HUMEDO;34.00;
820;T+65:25:01;100;0;HUMEDO;34.00;
821;T+65:30:01;100;0;HUMEDO;34.00;
822;T+65:35:01;100;0;HUMEDO;34.13;
823;T+65:40:01;100;0;HUMEDO;33.94;
824;T+65:45:01;100;0;HUMEDO;34.06;
825;T+65:50:01;100;0;HUMEDO;33.94;
826;T+65:55:01;100;0;HUMEDO;34.06;
827;T+66:00:01;100;0;HUMEDO;33.94;
828;T+66:05:01;100;0;HUMEDO;33.94;
829;T+66:10:01;100;0;HUMEDO;33.81;
830;T+66:15:01;100;0;HUMEDO;33.94;
831;T+66:20:01;100;0;HUMEDO;33.88;
832;T+66:25:01;100;0;HUMEDO;33.94;
833;T+66:30:01;100;0;HUMEDO;33.94;
834;T+66:35:01;100;0;HUMEDO;33.88;
835;T+66:40:01;100;0;HUMEDO;33.88;
836;T+66:45:01;100;0;HUMEDO;33.88;
837;T+66:50:01;100;0;HUMEDO;33.81;
838;T+66:55:01;100;0;HUMEDO;33.81;
839;T+67:00:01;100;0;HUMEDO;33.75;
840;T+67:05:01;100;0;HUMEDO;33.75;
841;T+67:10:01;100;0;HUMEDO;33.69;
842;T+67:15:01;100;0;HUMEDO;33.75;
843;T+67:20:01;100;0;HUMEDO;33.69;
844;T+67:25:01;100;0;HUMEDO;33.75;
845;T+67:30:01;100;0;HUMEDO;33.56;
846;T+67:35:01;100;0;HUMEDO;33.75;
847;T+67:40:01;100;0;HUMEDO;33.50;
848;T+67:45:01;100;0;HUMEDO;33.56;
849;T+67:50:01;100;0;HUMEDO;33.44;
850;T+67:55:01;100;0;HUMEDO;33.44;
851;T+68:00:01;100;0;HUMEDO;33.50;
852;T+68:05:01;100;0;HUMEDO;33.50;
853;T+68:10:01;100;0;HUMEDO;33.44;
854;T+68:15:01;100;0;HUMEDO;33.56;
855;T+68:20:01;100;0;HUMEDO;33.50;
856;T+68:25:01;100;0;HUMEDO;33.56;
857;T+68:30:01;100;0;HUMEDO;33.44;
858;T+68:35:01;100;0;HUMEDO;33.50;
859;T+68:40:01;100;0;HUMEDO;33.50;
860;T+68:45:01;100;0;HUMEDO;33.44;
861;T+68:50:01;100;0;HUMEDO;33.50;
862;T+68:55:01;100;0;HUMEDO;33.31;
863;T+69:00:01;100;0;HUMEDO;33.31;
864;T+69:05:01;100;0;HUMEDO;33.44;
865;T+69:10:01;100;0;HUMEDO;33.44;
866;T+69:15:01;100;0;HUMEDO;33.38;
867;T+69:20:01;100;0;HUMEDO;33.50;
868;T+69:25:01;100;0;HUMEDO;33.38;
869;T+69:30:01;100;0;HUMEDO;33.31;
870;T+69:35:01;100;0;HUMEDO;33.31;
871;T+69:40:01;100;0;HUMEDO;33.38;
872;T+69:45:01;100;0;HUMEDO;33.31;
873;T+69:50:01;100;0;HUMEDO;33.38;
874;T+69:55:01;100;0;HUMEDO;33.38;
875;T+70:00:01;100;0;HUMEDO;33.44;
876;T+70:05:01;100;0;HUMEDO;33.31;
877;T+70:10:01;100;0;HUMEDO;33.25;
878;T+70:15:01;100;0;HUMEDO;33.44;
879;T+70:20:01;100;0;HUMEDO;33.25;
880;T+70:25:01;100;0;HUMEDO;33.25;
881;T+70:30:01;100;0;HUMEDO;33.19;
882;T+70:35:01;100;0;HUMEDO;33.25;
883;T+70:40:01;100;0;HUMEDO;33.31;
884;T+70:45:01;100;0;HUMEDO;33.31;
885;T+70:50:01;100;0;HUMEDO;33.31;
886;T+70:55:01;100;0;HUMEDO;33.31;
887;T+71:00:01;100;0;HUMEDO;33.19;
888;T+71:05:01;100;0;HUMEDO;33.25;
889;T+71:10:01;100;0;HUMEDO;33.06;
890;T+71:15:01;100;0;HUMEDO;33.13;
891;T+71:20:01;100;0;HUMEDO;33.25;
892;T+71:25:01;100;0;HUMEDO;33.19;
893;T+71:30:01;100;0;HUMEDO;33.25;
894;T+71:35:01;100;0;HUMEDO;33.25;
895;T+71:40:01;100;0;HUMEDO;33.19;
896;T+71:45:01;100;0;HUMEDO;33.25;
897;T+71:50:01;100;0;HUMEDO;33.19;
898;T+71:55:01;100;0;HUMEDO;33.13;
899;T+72:00:01;100;0;HUMEDO;33.19;
900;T+72:05:01;100;0;HUMEDO;33.25;
901;T+72:10:01;100;0;HUMEDO;33.19;
902;T+72:15:01;100;0;HUMEDO;33.25;
903;T+72:20:01;100;0;HUMEDO;33.25;
904;T+72:25:01;100;0;HUMEDO;33.06;
905;T+72:30:01;100;0;HUMEDO;33.19;
906;T+72:35:01;100;0;HUMEDO;33.31;
907;T+72:40:01;100;0;HUMEDO;33.19;
908;T+72:45:01;100;0;HUMEDO;33.19;
909;T+72:50:01;100;0;HUMEDO;33.25;
910;T+72:55:01;100;0;HUMEDO;33.31;
911;T+73:00:01;100;0;HUMEDO;33.13;
912;T+73:05:01;100;0;HUMEDO;33.25;
913;T+73:10:01;100;0;HUMEDO;33.13;
914;T+73:15:01;100;0;HUMEDO;33.31;
915;T+73:20:01;100;0;HUMEDO;33.25;
916;T+73:25:01;100;0;HUMEDO;33.31;
917;T+73:30:01;100;0;HUMEDO;33.25;
918;T+73:35:01;100;0;HUMEDO;33.25;
919;T+73:40:01;100;0;HUMEDO;33.25;
920;T+73:45:01;100;0;HUMEDO;33.31;
921;T+73:50:01;100;0;HUMEDO;33.25;
922;T+73:55:01;100;0;HUMEDO;33.44;
923;T+74:00:01;100;0;HUMEDO;33.31;
924;T+74:05:01;100;0;HUMEDO;33.38;
925;T+74:10:01;100;0;HUMEDO;33.38;
926;T+74:15:01;100;0;HUMEDO;33.44;
927;T+74:20:01;100;0;HUMEDO;33.31;
928;T+74:25:01;100;0;HUMEDO;33.31;
929;T+74:30:01;100;0;HUMEDO;33.31;
930;T+74:35:01;100;0;HUMEDO;33.31;
931;T+74:40:01;100;0;HUMEDO;33.38;
932;T+74:45:01;100;0;HUMEDO;33.44;
933;T+74:50:01;100;0;HUMEDO;33.31;
934;T+74:55:01;100;0;HUMEDO;33.44;
935;T+75:00:01;100;0;HUMEDO;33.50;
936;T+75:05:01;100;0;HUMEDO;33.44;
937;T+75:10:01;100;0;HUMEDO;33.44;
938;T+75:15:01;100;0;HUMEDO;33.56;
939;T+75:20:01;100;0;HUMEDO;33.56;
940;T+75:25:01;100;0;HUMEDO;33.50;
941;T+75:30:01;100;0;HUMEDO;33.50;
942;T+75:35:01;100;0;HUMEDO;33.44;
943;T+75:40:01;100;0;HUMEDO;33.44;
944;T+75:45:01;100;0;HUMEDO;33.63;
945;T+75:50:01;100;0;HUMEDO;33.56;
946;T+75:55:01;100;0;HUMEDO;33.63;
947;T+76:00:01;100;0;HUMEDO;33.44;
948;T+76:05:01;100;0;HUMEDO;33.56;
949;T+76:10:01;100;0;HUMEDO;33.63;
950;T+76:15:01;100;0;HUMEDO;33.63;
951;T+76:20:01;100;0;HUMEDO;33.69;
952;T+76:25:01;100;0;HUMEDO;33.69;
953;T+76:30:01;100;0;HUMEDO;33.56;
954;T+76:35:01;100;0;HUMEDO;33.63;
955;T+76:40:01;100;0;HUMEDO;33.56;
956;T+76:45:01;100;0;HUMEDO;33.63;
957;T+76:50:01;100;0;HUMEDO;33.63;
958;T+76:55:01;100;0;HUMEDO;33.56;
959;T+77:00:01;100;0;HUMEDO;32.69;
960;T+77:05:01;100;0;HUMEDO;32.75;
961;T+77:10:01;100;0;HUMEDO;32.75;
962;T+77:15:01;100;0;HUMEDO;32.75;
963;T+77:20:01;100;0;HUMEDO;32.69;
964;T+77:25:01;100;0;HUMEDO;32.50;
965;T+77:30:01;100;0;HUMEDO;32.56;
966;T+77:35:01;100;0;HUMEDO;32.63;
967;T+77:40:01;100;0;HUMEDO;32.56;
968;T+77:45:01;100;0;HUMEDO;32.69;
969;T+77:50:01;100;0;HUMEDO;32.63;
970;T+77:55:01;100;0;HUMEDO;32.50;
971;T+78:00:01;100;0;HUMEDO;32.50;
972;T+78:05:01;100;0;HUMEDO;32.69;
973;T+78:10:01;100;0;HUMEDO;32.56;
974;T+78:15:01;100;0;HUMEDO;32.56;
975;T+78:20:01;100;0;HUMEDO;32.63;
976;T+78:25:01;100;0;HUMEDO;32.63;
977;T+78:30:01;100;0;HUMEDO;32.56;
978;T+78:35:01;100;0;HUMEDO;32.50;
979;T+78:40:01;100;0;HUMEDO;32.56;
980;T+78:45:01;100;0;HUMEDO;32.50;
981;T+78:50:01;100;0;HUMEDO;32.44;
982;T+78:55:01;100;0;HUMEDO;32.50;
983;T+79:00:01;100;0;HUMEDO;32.38;
984;T+79:05:01;100;0;HUMEDO;32.50;
985;T+79:10:01;100;0;HUMEDO;32.50;
986;T+79:15:01;100;0;HUMEDO;32.38;
987;T+79:20:01;100;0;HUMEDO;32.50;
988;T+79:25:01;100;0;HUMEDO;32.44;
989;T+79:30:01;100;0;HUMEDO;32.31;
990;T+79:35:01;100;0;HUMEDO;32.38;
991;T+79:40:01;100;0;HUMEDO;32.38;
992;T+79:45:01;100;0;HUMEDO;32.19;
993;T+79:50:01;100;0;HUMEDO;32.31;
994;T+79:55:01;100;0;HUMEDO;32.31;
995;T+80:00:01;100;0;HUMEDO;32.25;
996;T+80:05:01;100;0;HUMEDO;32.31;
997;T+80:10:01;100;0;HUMEDO;32.38;
998;T+80:15:01;100;0;HUMEDO;32.38;
999;T+80:20:01;100;0;HUMEDO;32.31;
1000;T+80:25:01;100;0;HUMEDO;32.19;
1001;T+80:30:01;100;0;HUMEDO;32.31;
1002;T+80:35:01;100;0;HUMEDO;32.44;
1003;T+80:40:01;100;0;HUMEDO;32.19;
1004;T+80:45:01;100;0;HUMEDO;32.31;
1005;T+80:50:01;100;0;HUMEDO;32.25;
1006;T+80:55:01;100;0;HUMEDO;32.13;
1007;T+81:00:01;100;0;HUMEDO;32.19;
1008;T+81:05:01;100;0;HUMEDO;32.13;
1009;T+81:10:01;100;0;HUMEDO;32.19;
1010;T+81:15:01;100;0;HUMEDO;32.25;
1011;T+81:20:01;100;0;HUMEDO;32.13;
1012;T+81:25:01;100;0;HUMEDO;32.19;
1013;T+81:30:01;100;0;HUMEDO;32.06;
1014;T+81:35:01;100;0;HUMEDO;32.13;
1015;T+81:40:01;100;0;HUMEDO;32.00;
1016;T+81:45:01;100;0;HUMEDO;31.94;
1017;T+81:50:01;100;0;HUMEDO;32.19;
1018;T+81:55:01;100;0;HUMEDO;31.94;
1019;T+82:00:01;100;0;HUMEDO;32.06;
1020;T+82:05:01;100;0;HUMEDO;32.13;
1021;T+82:10:01;100;0;HUMEDO;32.00;
1022;T+82:15:01;100;0;HUMEDO;32.00;
1023;T+82:20:01;100;0;HUMEDO;31.94;
1024;T+82:25:01;100;0;HUMEDO;31.94;
1025;T+82:30:01;100;0;HUMEDO;31.87;
1026;T+82:35:01;100;0;HUMEDO;31.94;
1027;T+82:40:01;100;0;HUMEDO;31.75;
1028;T+82:45:01;100;0;HUMEDO;31.81;
1029;T+82:50:01;100;0;HUMEDO;31.94;
1030;T+82:55:01;100;0;HUMEDO;31.75;
1031;T+83:00:01;100;0;HUMEDO;31.87;
1032;T+83:05:01;100;0;HUMEDO;31.87;
1033;T+83:10:01;100;0;HUMEDO;31.75;
1034;T+83:15:01;100;0;HUMEDO;31.94;
1035;T+83:20:01;100;0;HUMEDO;31.75;
1036;T+83:25:01;100;0;HUMEDO;31.87;
1037;T+83:30:01;100;0;HUMEDO;31.81;
1038;T+83:35:01;100;0;HUMEDO;31.94;
1039;T+83:40:01;100;0;HUMEDO;31.87;
1040;T+83:45:01;100;0;HUMEDO;31.75;
1041;T+83:50:01;100;0;HUMEDO;31.81;
1042;T+83:55:01;100;0;HUMEDO;31.75;
1043;T+84:00:01;100;0;HUMEDO;31.81;
1044;T+84:05:01;100;0;HUMEDO;31.81;
1045;T+84:10:01;100;0;HUMEDO;31.75;
1046;T+84:15:01;100;0;HUMEDO;31.75;
1047;T+84:20:01;100;0;HUMEDO;31.69;
1048;T+84:25:01;100;0;HUMEDO;31.69;
1049;T+84:30:01;100;0;HUMEDO;31.62;
1050;T+84:35:01;100;0;HUMEDO;31.62;
1051;T+84:40:01;100;0;HUMEDO;31.62;
1052;T+84:45:01;100;0;HUMEDO;31.69;
1053;T+84:50:01;100;0;HUMEDO;31.50;
1054;T+84:55:01;100;0;HUMEDO;31.56;
1055;T+85:00:01;100;0;HUMEDO;31.69;
1056;T+85:05:01;100;0;HUMEDO;31.62;
1057;T+85:10:01;100;0;HUMEDO;31.56;
1058;T+85:15:01;100;0;HUMEDO;31.44;
1059;T+85:20:01;100;0;HUMEDO;31.56;
1060;T+85:25:01;100;0;HUMEDO;31.44;
1061;T+85:30:01;100;0;HUMEDO;31.50;
1062;T+85:35:01;100;0;HUMEDO;31.44;
1063;T+85:40:01;100;0;HUMEDO;31.44;
1064;T+85:45:01;100;0;HUMEDO;31.44;
1065;T+85:50:01;100;0;HUMEDO;31.50;
1066;T+85:55:01;100;0;HUMEDO;31.50;
1067;T+86:00:01;100;0;HUMEDO;31.56;
1068;T+86:05:01;100;0;HUMEDO;31.37;
1069;T+86:10:01;100;0;HUMEDO;31.50;
1070;T+86:15:01;100;0;HUMEDO;31.44;
1071;T+86:20:01;100;0;HUMEDO;31.37;
1072;T+86:25:01;100;0;HUMEDO;31.44;
1073;T+86:30:01;100;0;HUMEDO;31.31;
1074;T+86:35:01;100;0;HUMEDO;31.37;
1075;T+86:40:01;100;0;HUMEDO;31.37;
1076;T+86:45:01;100;0;HUMEDO;31.37;
1077;T+86:50:01;100;0;HUMEDO;31.25;
1078;T+86:55:01;100;0;HUMEDO;31.25;
1079;T+87:00:01;100;0;HUMEDO;31.12;
1080;T+87:05:01;100;0;HUMEDO;31.37;
1081;T+87:10:01;100;0;HUMEDO;31.12;
1082;T+87:15:01;100;0;HUMEDO;31.25;
1083;T+87:20:01;100;0;HUMEDO;31.19;
1084;T+87:25:01;100;0;HUMEDO;31.12;
1085;T+87:30:01;100;0;HUMEDO;31.25;
1086;T+87:35:01;100;0;HUMEDO;31.19;
1087;T+87:40:01;100;0;HUMEDO;31.00;
1088;T+87:45:01;100;0;HUMEDO;31.00;
1089;T+87:50:01;100;0;HUMEDO;31.06;
1090;T+87:55:01;100;0;HUMEDO;31.12;
1091;T+88:00:01;100;0;HUMEDO;31.12;
1092;T+88:05:01;100;0;HUMEDO;31.06;
1093;T+88:10:01;100;0;HUMEDO;31.12;
1094;T+88:15:01;100;0;HUMEDO;31.12;
1095;T+88:20:01;100;0;HUMEDO;31.00;
1096;T+88:25:01;100;0;HUMEDO;31.06;
1097;T+88:30:01;100;0;HUMEDO;30.94;
1098;T+88:35:01;100;0;HUMEDO;31.06;
1099;T+88:40:01;100;0;HUMEDO;31.06;
1100;T+88:45:01;100;0;HUMEDO;31.00;
1101;T+88:50:01;100;0;HUMEDO;31.12;
1102;T+88:55:01;100;0;HUMEDO;30.87;
1103;T+89:00:01;100;0;HUMEDO;30.87;
1104;T+89:05:01;100;0;HUMEDO;30.94;
1105;T+89:10:01;100;0;HUMEDO;30.75;
1106;T+89:15:01;100;0;HUMEDO;30.87;
1107;T+89:20:01;100;0;HUMEDO;31.00;
1108;T+89:25:01;100;0;HUMEDO;30.81;
1109;T+89:30:01;100;0;HUMEDO;30.87;
1110;T+89:35:01;100;0;HUMEDO;30.81;
1111;T+89:40:01;100;0;HUMEDO;30.87;
1112;T+89:45:01;100;0;HUMEDO;30.87;
1113;T+89:50:01;100;0;HUMEDO;30.94;
1114;T+89:55:01;100;0;HUMEDO;30.81;
1115;T+90:00:01;100;0;HUMEDO;30.81;
1116;T+90:05:01;100;0;HUMEDO;30.69;
1117;T+90:10:01;100;0;HUMEDO;30.87;
1118;T+90:15:01;100;0;HUMEDO;30.75;
1119;T+90:20:01;100;0;HUMEDO;30.81;
1120;T+90:25:01;100;0;HUMEDO;30.69;
1121;T+90:30:01;100;0;HUMEDO;30.62;
1122;T+90:35:01;100;0;HUMEDO;30.75;
1123;T+90:40:01;100;0;HUMEDO;30.62;
1124;T+90:45:01;100;0;HUMEDO;30.56;
1125;T+90:50:01;100;0;HUMEDO;30.69;
1126;T+90:55:01;100;0;HUMEDO;30.62;
1127;T+91:00:01;100;0;HUMEDO;30.69;
1128;T+91:05:01;100;0;HUMEDO;30.62;
1129;T+91:10:01;100;0;HUMEDO;30.69;
1130;T+91:15:01;100;0;HUMEDO;30.69;
1131;T+91:20:01;100;0;HUMEDO;30.56;
1132;T+91:25:01;100;0;HUMEDO;30.50;
1133;T+91:30:01;100;0;HUMEDO;30.56;
1134;T+91:35:01;100;0;HUMEDO;30.56;
1135;T+91:40:01;100;0;HUMEDO;30.56;
1136;T+91:45:01;100;0;HUMEDO;30.62;
1137;T+91:50:01;100;0;HUMEDO;30.62;
1138;T+91:55:01;100;0;HUMEDO;30.62;
1139;T+92:00:01;100;0;HUMEDO;30.56;
1140;T+92:05:01;100;0;HUMEDO;30.56;
1141;T+92:10:01;100;0;HUMEDO;30.56;
1142;T+92:15:01;100;0;HUMEDO;30.62;
1143;T+92:20:01;100;0;HUMEDO;30.62;
1144;T+92:25:01;100;0;HUMEDO;30.62;
1145;T+92:30:01;100;0;HUMEDO;30.44;
1146;T+92:35:01;100;0;HUMEDO;30.50;
1147;T+92:40:01;100;0;HUMEDO;30.50;
1148;T+92:45:01;100;0;HUMEDO;30.50;
1149;T+92:50:01;100;0;HUMEDO;30.56;
1150;T+92:55:01;100;0;HUMEDO;30.44;
1151;T+93:00:01;100;0;HUMEDO;30.44;
1152;T+93:05:01;100;0;HUMEDO;30.37;
1153;T+93:10:01;100;0;HUMEDO;30.50;
1154;T+93:15:01;100;0;HUMEDO;30.44;
1155;T+93:20:01;100;0;HUMEDO;30.44;
1156;T+93:25:01;100;0;HUMEDO;30.44;
1157;T+93:30:01;100;0;HUMEDO;30.50;
1158;T+93:35:01;100;0;HUMEDO;30.50;
1159;T+93:40:01;100;0;HUMEDO;30.44;
1160;T+93:45:01;100;0;HUMEDO;30.44;
1161;T+93:50:01;100;0;HUMEDO;30.50;
1162;T+93:55:01;100;0;HUMEDO;30.56;
1163;T+94:00:01;100;0;HUMEDO;30.50;
1164;T+94:05:01;100;0;HUMEDO;30.56;
1165;T+94:10:01;100;0;HUMEDO;30.56;
1166;T+94:15:01;100;0;HUMEDO;30.62;
1167;T+94:20:01;100;0;HUMEDO;30.56;
1168;T+94:25:01;100;0;HUMEDO;30.50;
1169;T+94:30:01;100;0;HUMEDO;30.56;
1170;T+94:35:01;100;0;HUMEDO;30.62;
1171;T+94:40:01;100;0;HUMEDO;30.44;
1172;T+94:45:01;100;0;HUMEDO;30.50;
1173;T+94:50:01;100;0;HUMEDO;30.69;
1174;T+94:55:01;100;0;HUMEDO;30.62;
1175;T+95:00:01;100;0;HUMEDO;30.75;
1176;T+95:05:01;100;0;HUMEDO;30.62;
1177;T+95:10:01;100;0;HUMEDO;30.69;
1178;T+95:15:01;100;0;HUMEDO;30.62;
1179;T+95:20:01;100;0;HUMEDO;30.62;
1180;T+95:25:01;100;0;HUMEDO;30.62;
1181;T+95:30:01;100;0;HUMEDO;30.62;
1182;T+95:35:01;100;0;HUMEDO;30.56;
1183;T+95:40:01;100;0;HUMEDO;30.62;
1184;T+95:45:01;100;0;HUMEDO;30.56;
1185;T+95:50:01;100;0;HUMEDO;30.69;
1186;T+95:55:01;100;0;HUMEDO;30.62;
1187;T+96:00:01;100;0;HUMEDO;30.75;
1188;T+96:05:01;100;0;HUMEDO;30.69;
1189;T+96:10:01;100;0;HUMEDO;30.69;
1190;T+96:15:01;100;0;HUMEDO;30.75;
1191;T+96:20:01;100;0;HUMEDO;30.75;
1192;T+96:25:01;100;0;HUMEDO;30.81;
1193;T+96:30:01;100;0;HUMEDO;30.81;
1194;T+96:35:01;100;0;HUMEDO;30.81;
1195;T+96:40:01;100;0;HUMEDO;30.87;
1196;T+96:45:01;100;0;HUMEDO;30.87;
1197;T+96:50:01;100;0;HUMEDO;30.75;
1198;T+96:55:01;100;0;HUMEDO;30.87;
1199;T+97:00:01;100;0;HUMEDO;30.94;
1200;T+97:05:01;100;0;HUMEDO;30.87;
1201;T+97:10:01;100;0;HUMEDO;30.87;
1202;T+97:15:01;100;0;HUMEDO;30.94;
1203;T+97:20:01;100;0;HUMEDO;30.94;
1204;T+97:25:01;100;0;HUMEDO;31.00;
1205;T+97:30:01;100;0;HUMEDO;31.06;
1206;T+97:35:01;100;0;HUMEDO;30.94;
1207;T+97:40:01;100;0;HUMEDO;31.06;
1208;T+97:45:01;100;0;HUMEDO;31.12;
1209;T+97:50:01;100;0;HUMEDO;31.19;
1210;T+97:55:01;100;0;HUMEDO;31.19;
1211;T+98:00:01;100;0;HUMEDO;31.06;
1212;T+98:05:01;100;0;HUMEDO;31.12;
1213;T+98:10:01;100;0;HUMEDO;31.19;
1214;T+98:15:01;100;0;HUMEDO;31.31;
1215;T+98:20:01;100;0;HUMEDO;31.25;
1216;T+98:25:01;100;0;HUMEDO;31.12;
1217;T+98:30:01;100;0;HUMEDO;31.25;
1218;T+98:35:01;100;0;HUMEDO;31.37;
1219;T+98:40:01;100;0;HUMEDO;31.44;
1220;T+98:45:01;100;0;HUMEDO;31.37;
1221;T+98:50:01;100;0;HUMEDO;31.37;
1222;T+98:55:01;100;0;HUMEDO;31.50;
1223;T+99:00:01;100;0;HUMEDO;31.50;
1224;T+99:05:01;100;0;HUMEDO;31.44;
1225;T+99:10:01;100;0;HUMEDO;31.44;
1226;T+99:15:01;100;0;HUMEDO;31.62;
1227;T+99:20:01;100;0;HUMEDO;31.56;
1228;T+99:25:01;100;0;HUMEDO;31.56;
1229;T+99:30:01;100;0;HUMEDO;31.56;
1230;T+99:35:01;100;0;HUMEDO;31.69;
1231;T+99:40:01;100;0;HUMEDO;31.69;
1232;T+99:45:01;100;0;HUMEDO;31.69;
1233;T+99:50:01;100;0;HUMEDO;31.75;
1234;T+99:55:01;100;0;HUMEDO;31.87;
1235;T+100:00:01;100;0;HUMEDO;31.81;
1236;T+100:05:01;100;0;HUMEDO;31.75;
1237;T+100:10:01;100;0;HUMEDO;31.75;
1238;T+100:15:01;100;0;HUMEDO;31.87;
1239;T+100:20:01;100;0;HUMEDO;31.87;
1240;T+100:25:01;100;0;HUMEDO;32.00;
1241;T+100:30:01;100;0;HUMEDO;32.00;
1242;T+100:35:01;100;0;HUMEDO;31.94;
1243;T+100:40:01;100;0;HUMEDO;32.00;
1244;T+100:45:01;100;0;HUMEDO;32.06;
1245;T+100:50:01;100;0;HUMEDO;32.00;
1246;T+100:55:01;100;0;HUMEDO;32.13;
1247;T+101:00:01;100;0;HUMEDO;32.00;
1248;T+101:05:01;100;0;HUMEDO;32.00;
1249;T+101:10:01;100;0;HUMEDO;32.13;
1250;T+101:15:01;100;0;HUMEDO;32.13;
1251;T+101:20:01;100;0;HUMEDO;32.25;
1252;T+101:25:01;100;0;HUMEDO;32.19;
1253;T+101:30:01;100;0;HUMEDO;32.13;
1254;T+101:35:01;100;0;HUMEDO;32.19;
1255;T+101:40:01;100;0;HUMEDO;32.25;
1256;T+101:45:01;100;0;HUMEDO;32.31;
1257;T+101:50:01;100;0;HUMEDO;32.31;
1258;T+101:55:01;100;0;HUMEDO;32.38;
1259;T+102:00:01;100;0;HUMEDO;32.44;
1260;T+102:05:01;100;0;HUMEDO;32.44;
1261;T+102:10:01;100;0;HUMEDO;32.50;
1262;T+102:15:01;100;0;HUMEDO;32.31;
1263;T+102:20:01;100;0;HUMEDO;32.38;
1264;T+102:25:01;100;0;HUMEDO;32.38;
1265;T+102:30:01;100;0;HUMEDO;32.50;
1266;T+102:35:01;100;0;HUMEDO;32.44;
1267;T+102:40:01;100;0;HUMEDO;32.50;
1268;T+102:45:01;100;0;HUMEDO;32.50;
1269;T+102:50:01;100;0;HUMEDO;32.50;
1270;T+102:55:01;100;0;HUMEDO;32.38;
1271;T+103:00:01;100;0;HUMEDO;32.56;
1272;T+103:05:01;100;0;HUMEDO;32.56;
1273;T+103:10:01;100;0;HUMEDO;32.63;
1274;T+103:15:01;100;0;HUMEDO;32.56;
1275;T+103:20:01;100;0;HUMEDO;32.50;
1276;T+103:25:01;100;0;HUMEDO;32.56;
1277;T+103:30:01;100;0;HUMEDO;32.56;
1278;T+103:35:01;100;0;HUMEDO;32.75;
1279;T+103:40:01;100;0;HUMEDO;32.75;
1280;T+103:45:01;100;0;HUMEDO;32.63;
1281;T+103:50:01;100;0;HUMEDO;32.63;
1282;T+103:55:01;100;0;HUMEDO;32.69;
1283;T+104:00:01;100;0;HUMEDO;32.69;
1284;T+104:05:01;100;0;HUMEDO;32.75;
1285;T+104:10:01;100;0;HUMEDO;32.63;
1286;T+104:15:01;100;0;HUMEDO;32.81;
1287;T+104:20:01;100;0;HUMEDO;32.56;
1288;T+104:25:01;100;0;HUMEDO;32.69;
1289;T+104:30:01;100;0;HUMEDO;32.75;
1290;T+104:35:01;100;0;HUMEDO;32.81;
1291;T+104:40:01;100;0;HUMEDO;32.75;
1292;T+104:45:01;100;0;HUMEDO;32.81;
1293;T+104:50:01;100;0;HUMEDO;32.81;
1294;T+104:55:01;100;0;HUMEDO;32.75;
1295;T+105:00:01;100;0;HUMEDO;32.81;
1296;T+105:05:01;100;0;HUMEDO;32.81;
1297;T+105:10:01;100;0;HUMEDO;32.81;
1298;T+105:15:01;100;0;HUMEDO;32.63;
1299;T+105:20:01;100;0;HUMEDO;32.88;
1300;T+105:25:01;100;0;HUMEDO;32.75;
1301;T+105:30:01;100;0;HUMEDO;32.81;
1302;T+105:35:01;100;0;HUMEDO;32.81;
1303;T+105:40:01;100;0;HUMEDO;32.88;
1304;T+105:45:01;100;0;HUMEDO;32.94;
1305;T+105:50:01;100;0;HUMEDO;32.81;
1306;T+105:55:01;100;0;HUMEDO;32.69;
1307;T+106:00:01;100;0;HUMEDO;32.81;
1308;T+106:05:01;100;0;HUMEDO;32.81;
1309;T+106:10:01;100;0;HUMEDO;32.88;
1310;T+106:15:01;100;0;HUMEDO;32.81;
1311;T+106:20:01;100;0;HUMEDO;32.69;
1312;T+106:25:01;100;0;HUMEDO;32.81;
1313;T+106:30:01;100;0;HUMEDO;32.81;
1314;T+106:35:01;100;0;HUMEDO;32.81;
1315;T+106:40:01;100;0;HUMEDO;32.81;
1316;T+106:45:01;100;0;HUMEDO;32.75;
1317;T+106:50:01;100;0;HUMEDO;32.69;
1318;T+106:55:01;100;0;HUMEDO;32.81;
1319;T+107:00:01;100;0;HUMEDO;32.81;
1320;T+107:05:01;100;0;HUMEDO;32.88;
1321;T+107:10:01;100;0;HUMEDO;32.88;
1322;T+107:15:01;100;0;HUMEDO;32.94;
1323;T+107:20:01;100;0;HUMEDO;32.88;
1324;T+107:25:01;100;0;HUMEDO;32.81;
1325;T+107:30:01;100;0;HUMEDO;32.88;
1326;T+107:35:01;100;0;HUMEDO;32.94;
1327;T+107:40:01;100;0;HUMEDO;32.81;
1328;T+107:45:01;100;0;HUMEDO;32.88;
1329;T+107:50:01;100;0;HUMEDO;32.75;
1330;T+107:55:01;100;0;HUMEDO;32.75;
1331;T+108:00:01;100;0;HUMEDO;32.81;
1332;T+108:05:01;100;0;HUMEDO;32.88;
1333;T+108:10:01;100;0;HUMEDO;32.81;
1334;T+108:15:01;100;0;HUMEDO;32.75;
1335;T+108:20:01;100;0;HUMEDO;32.88;
1336;T+108:25:01;100;0;HUMEDO;32.69;
1337;T+108:30:01;100;0;HUMEDO;32.88;
1338;T+108:35:01;100;0;HUMEDO;32.88;
1339;T+108:40:01;100;0;HUMEDO;32.69;
1340;T+108:45:01;100;0;HUMEDO;32.75;
1341;T+108:50:01;100;0;HUMEDO;32.81;
1342;T+108:55:01;100;0;HUMEDO;32.69;
1343;T+109:00:01;100;0;HUMEDO;32.69;
1344;T+109:05:01;100;0;HUMEDO;32.81;
1345;T+109:10:01;100;0;HUMEDO;32.81;
1346;T+109:15:01;100;0;HUMEDO;32.81;
1347;T+109:20:01;100;0;HUMEDO;32.75;
1348;T+109:25:01;100;0;HUMEDO;32.81;
1349;T+109:30:01;100;0;HUMEDO;32.75;
1350;T+109:35:01;100;0;HUMEDO;32.69;
1351;T+109:40:01;100;0;HUMEDO;32.56;
1352;T+109:45:01;100;0;HUMEDO;32.50;
1353;T+109:50:01;100;0;HUMEDO;32.63;
1354;T+109:55:01;100;0;HUMEDO;32.69;
1355;T+110:00:01;100;0;HUMEDO;32.63;
1356;T+110:05:01;100;0;HUMEDO;32.56;
1357;T+110:10:01;100;0;HUMEDO;32.63;
1358;T+110:15:01;100;0;HUMEDO;32.69;
1359;T+110:20:01;100;0;HUMEDO;32.63;
1360;T+110:25:01;100;0;HUMEDO;32.69;
1361;T+110:30:01;100;0;HUMEDO;32.56;
1362;T+110:35:01;100;0;HUMEDO;32.63;
1363;T+110:40:01;100;0;HUMEDO;32.56;
1364;T+110:45:01;100;0;HUMEDO;32.63;
1365;T+110:50:01;100;0;HUMEDO;32.50;
1366;T+110:55:01;100;0;HUMEDO;32.63;
1367;T+111:00:01;100;0;HUMEDO;32.56;
1368;T+111:05:01;100;0;HUMEDO;32.56;
1369;T+111:10:01;100;0;HUMEDO;32.56;
1370;T+111:15:01;100;0;HUMEDO;32.56;
1371;T+111:20:01;100;0;HUMEDO;32.50;
1372;T+111:25:01;100;0;HUMEDO;32.63;
1373;T+111:30:01;100;0;HUMEDO;32.50;
1374;T+111:35:01;100;0;HUMEDO;32.50;
1375;T+111:40:01;100;0;HUMEDO;32.50;
1376;T+111:45:01;100;0;HUMEDO;32.38;
1377;T+111:50:01;100;0;HUMEDO;32.50;
1378;T+111:55:01;100;0;HUMEDO;32.38;
1379;T+112:00:01;100;0;HUMEDO;32.44;
1380;T+112:05:01;100;0;HUMEDO;32.38;
1381;T+112:10:01;100;0;HUMEDO;32.38;
1382;T+112:15:01;100;0;HUMEDO;32.38;
1383;T+112:20:01;100;0;HUMEDO;32.38;
1384;T+112:25:01;100;0;HUMEDO;32.44;
1385;T+112:30:01;100;0;HUMEDO;32.38;
1386;T+112:35:01;100;0;HUMEDO;32.38;
1387;T+112:40:01;100;0;HUMEDO;32.31;
1388;T+112:45:01;100;0;HUMEDO;32.25;
1389;T+112:50:01;100;0;HUMEDO;32.25;
1390;T+112:55:01;100;0;HUMEDO;32.19;
1391;T+113:00:01;100;0;HUMEDO;32.38;
1392;T+113:05:01;100;0;HUMEDO;32.25;
1393;T+113:10:01;100;0;HUMEDO;32.19;
1394;T+113:15:01;100;0;HUMEDO;32.19;
1395;T+113:20:01;100;0;HUMEDO;32.31;
1396;T+113:25:01;100;0;HUMEDO;32.25;
1397;T+113:30:01;100;0;HUMEDO;32.25;
1398;T+113:35:01;100;0;HUMEDO;32.25;
1399;T+113:40:01;100;0;HUMEDO;32.19;
1400;T+113:45:01;100;0;HUMEDO;32.19;
1401;T+113:50:01;100;0;HUMEDO;32.13;
1402;T+113:55:01;100;0;HUMEDO;32.25;
1403;T+114:00:01;100;0;HUMEDO;32.25;
1404;T+114:05:01;100;0;HUMEDO;32.25;
1405;T+114:10:01;100;0;HUMEDO;32.06;
1406;T+114:15:01;100;0;HUMEDO;32.13;
1407;T+114:20:01;100;0;HUMEDO;32.06;
1408;T+114:25:01;100;0;HUMEDO;32.06;
1409;T+114:30:01;100;0;HUMEDO;31.94;
1410;T+114:35:01;100;0;HUMEDO;32.19;
1411;T+114:40:01;100;0;HUMEDO;32.13;
1412;T+114:45:01;100;0;HUMEDO;32.13;
1413;T+114:50:01;100;0;HUMEDO;32.19;
1414;T+114:55:01;100;0;HUMEDO;32.06;
1415;T+115:00:01;100;0;HUMEDO;32.13;
1416;T+115:05:01;100;0;HUMEDO;32.06;
1417;T+115:10:01;100;0;HUMEDO;32.00;
1418;T+115:15:01;100;0;HUMEDO;32.13;
1419;T+115:20:01;100;0;HUMEDO;32.06;
1420;T+115:25:01;100;0;HUMEDO;32.00;
1421;T+115:30:01;100;0;HUMEDO;31.94;
1422;T+115:35:01;100;0;HUMEDO;32.06;
1423;T+115:40:01;100;0;HUMEDO;32.06;
1424;T+115:45:01;100;0;HUMEDO;32.06;
1425;T+115:50:01;100;0;HUMEDO;32.00;
1426;T+115:55:01;100;0;HUMEDO;32.00;
1427;T+116:00:01;100;0;HUMEDO;32.00;
1428;T+116:05:01;100;0;HUMEDO;31.87;
1429;T+116:10:01;100;0;HUMEDO;31.87;
1430;T+116:15:01;100;0;HUMEDO;31.94;
1431;T+116:20:01;100;0;HUMEDO;32.00;
1432;T+116:25:01;100;0;HUMEDO;31.87;
1433;T+116:30:01;100;0;HUMEDO;32.00;
1434;T+116:35:01;100;0;HUMEDO;31.94;
1435;T+116:40:01;100;0;HUMEDO;32.00;
1436;T+116:45:01;100;0;HUMEDO;31.94;
1437;T+116:50:01;100;0;HUMEDO;32.00;
1438;T+116:55:01;100;0;HUMEDO;31.94;
1439;T+117:00:01;100;0;HUMEDO;31.81;
1440;T+117:05:01;100;0;HUMEDO;31.94;
1441;T+117:10:01;100;0;HUMEDO;31.94;
1442;T+117:15:01;100;0;HUMEDO;31.75;
1443;T+117:20:01;100;0;HUMEDO;31.94;
1444;T+117:25:01;100;0;HUMEDO;31.87;
1445;T+117:30:01;100;0;HUMEDO;31.94;
1446;T+117:35:01;100;0;HUMEDO;31.87;
1447;T+117:40:01;100;0;HUMEDO;31.81;
1448;T+117:45:01;100;0;HUMEDO;31.87;
1449;T+117:50:01;100;0;HUMEDO;31.87;
1450;T+117:55:01;100;0;HUMEDO;31.75;
1451;T+118:00:01;100;0;HUMEDO;31.81;
1452;T+118:05:01;100;0;HUMEDO;31.87;
1453;T+118:10:01;100;0;HUMEDO;31.81;
1454;T+118:15:01;100;0;HUMEDO;31.94;
1455;T+118:20:01;100;0;HUMEDO;31.87;
1456;T+118:25:01;100;0;HUMEDO;31.87;
1457;T+118:30:01;100;0;HUMEDO;31.75;
1458;T+118:35:01;100;0;HUMEDO;31.87;
1459;T+118:40:01;100;0;HUMEDO;31.75;
1460;T+118:45:01;100;0;HUMEDO;31.81;
1461;T+118:50:01;100;0;HUMEDO;31.94;
1462;T+118:55:01;100;0;HUMEDO;31.87;
1463;T+119:00:01;100;0;HUMEDO;32.00;
1464;T+119:05:01;100;0;HUMEDO;31.81;
1465;T+119:10:01;100;0;HUMEDO;31.87;
1466;T+119:15:01;100;0;HUMEDO;32.00;
1467;T+119:20:01;100;0;HUMEDO;31.94;
1468;T+119:25:01;100;0;HUMEDO;31.94;
1469;T+119:30:01;100;0;HUMEDO;31.81;
1470;T+119:35:01;100;0;HUMEDO;32.00;
1471;T+119:40:01;100;0;HUMEDO;31.94;
1472;T+119:45:01;100;0;HUMEDO;31.94;
1473;T+119:50:01;100;0;HUMEDO;31.94;
1474;T+119:55:01;100;0;HUMEDO;32.06;
1475;T+120:00:01;100;0;HUMEDO;31.94;
1476;T+120:05:01;100;0;HUMEDO;31.94;
1477;T+120:10:01;100;0;HUMEDO;32.06;
1478;T+120:15:01;100;0;HUMEDO;32.06;
1479;T+120:20:01;100;0;HUMEDO;32.06;
1480;T+120:25:01;100;0;HUMEDO;32.00;
1481;T+120:30:01;100;0;HUMEDO;32.13;
1482;T+120:35:01;100;0;HUMEDO;32.19;
1483;T+120:40:01;100;0;HUMEDO;32.19;
1484;T+120:45:01;100;0;HUMEDO;32.00;
1485;T+120:50:01;100;0;HUMEDO;32.13;
1486;T+120:55:01;100;0;HUMEDO;31.94;
1487;T+121:00:01;100;0;HUMEDO;32.13;
1488;T+00:00:02;100;0;HUMEDO;32.56;
1489;T+00:05:03;100;0;HUMEDO;32.38;
1490;T+00:10:03;100;0;HUMEDO;32.44;
1491;T+00:15:03;100;0;HUMEDO;32.31;
1492;T+00:20:03;100;0;HUMEDO;32.38;
1493;T+00:25:03;100;0;HUMEDO;32.31;
1494;T+00:30:03;100;0;HUMEDO;32.50;
1495;T+00:35:03;100;0;HUMEDO;32.50;
1496;T+00:40:03;100;0;HUMEDO;32.31;
1497;T+00:45:03;100;0;HUMEDO;32.50;
1498;T+00:50:03;100;0;HUMEDO;32.44;
1499;T+00:55:03;100;0;HUMEDO;32.44;
1500;T+01:00:03;100;0;HUMEDO;32.50;
1501;T+01:05:03;100;0;HUMEDO;32.31;
1502;T+01:10:03;100;0;HUMEDO;32.31;
1503;T+01:15:03;100;0;HUMEDO;32.38;
1504;T+01:20:03;100;0;HUMEDO;32.38;
1505;T+01:25:03;100;0;HUMEDO;32.31;
1506;T+01:30:03;100;0;HUMEDO;32.44;
1507;T+01:35:03;100;0;HUMEDO;32.38;
1508;T+01:40:03;100;0;HUMEDO;32.44;
1509;T+01:45:03;100;0;HUMEDO;32.44;
1510;T+01:50:03;100;0;HUMEDO;32.50;
1511;T+01:55:03;100;0;HUMEDO;32.38;
1512;T+02:00:03;100;0;HUMEDO;32.50;
1513;T+02:05:03;100;0;HUMEDO;32.50;
1514;T+02:10:03;100;0;HUMEDO;32.38;
1515;T+02:15:03;100;0;HUMEDO;32.38;
1516;T+02:20:03;100;0;HUMEDO;32.44;
1517;T+02:25:03;100;0;HUMEDO;32.50;
1518;T+02:30:03;100;0;HUMEDO;32.31;
1519;T+02:35:03;100;0;HUMEDO;32.44;
1520;T+02:40:03;100;0;HUMEDO;32.50;
1521;T+02:45:03;100;0;HUMEDO;32.31;
1522;T+02:50:03;100;0;HUMEDO;32.31;
1523;T+02:55:03;100;0;HUMEDO;NA;
1524;T+03:00:03;100;0;HUMEDO;32.50;
1525;T+03:05:03;100;0;HUMEDO;32.38;
1526;T+03:10:03;100;0;HUMEDO;32.50;
1527;T+03:15:03;100;0;HUMEDO;32.38;
1528;T+03:20:03;100;0;HUMEDO;32.44;
1529;T+03:25:03;100;0;HUMEDO;32.38;
1530;T+03:30:03;100;0;HUMEDO;32.44;
1531;T+03:35:03;100;0;HUMEDO;32.44;
1532;T+03:40:03;100;0;HUMEDO;32.31;
1533;T+03:45:03;100;0;HUMEDO;32.56;
1534;T+03:50:03;100;0;HUMEDO;32.38;
1535;T+03:55:03;100;0;HUMEDO;32.44;
1536;T+04:00:03;100;0;HUMEDO;32.44;
1537;T+04:05:03;100;0;HUMEDO;32.44;
1538;T+04:10:03;100;0;HUMEDO;32.44;
1539;T+04:15:03;100;0;HUMEDO;32.44;
1540;T+04:20:03;100;0;HUMEDO;32.38;
1541;T+04:25:03;100;0;HUMEDO;32.38;
1542;T+04:30:03;100;0;HUMEDO;32.50;
1543;T+04:35:03;100;0;HUMEDO;32.56;
1544;T+04:40:03;100;0;HUMEDO;32.50;
1545;T+04:45:03;100;0;HUMEDO;32.38;
1546;T+04:50:03;100;0;HUMEDO;32.50;
1547;T+04:55:03;100;0;HUMEDO;32.56;
1548;T+05:00:03;100;0;HUMEDO;32.44;
1549;T+05:05:03;100;0;HUMEDO;32.50;
1550;T+05:10:03;100;0;HUMEDO;32.56;
1551;T+05:15:03;100;0;HUMEDO;32.56;
1552;T+05:20:03;100;0;HUMEDO;32.56;
1553;T+05:25:03;100;0;HUMEDO;32.63;
1554;T+05:30:03;100;0;HUMEDO;32.63;
1555;T+05:35:03;100;0;HUMEDO;32.63;
1556;T+05:40:03;100;0;HUMEDO;32.69;
1557;T+05:45:03;100;0;HUMEDO;32.69;
1558;T+05:50:03;100;0;HUMEDO;32.69;
1559;T+05:55:03;100;0;HUMEDO;32.63;
1560;T+06:00:03;100;0;HUMEDO;32.69;
1561;T+06:05:03;100;0;HUMEDO;32.50;
1562;T+06:10:03;100;0;HUMEDO;32.69;
1563;T+06:15:03;100;0;HUMEDO;32.69;
1564;T+06:20:03;100;0;HUMEDO;32.63;
1565;T+06:25:03;100;0;HUMEDO;32.69;
1566;T+06:30:03;100;0;HUMEDO;32.56;
1567;T+06:35:03;100;0;HUMEDO;32.75;
1568;T+06:40:03;100;0;HUMEDO;32.81;
1569;T+06:45:03;100;0;HUMEDO;32.69;
1570;T+06:50:03;100;0;HUMEDO;32.63;
1571;T+06:55:03;100;0;HUMEDO;32.69;
1572;T+07:00:03;100;0;HUMEDO;32.75;
1573;T+07:05:03;100;0;HUMEDO;32.75;
1574;T+07:10:03;100;0;HUMEDO;32.75;
1575;T+07:15:03;100;0;HUMEDO;32.81;
1576;T+07:20:03;100;0;HUMEDO;32.81;
1577;T+07:25:03;100;0;HUMEDO;32.88;
1578;T+07:30:03;100;0;HUMEDO;32.88;
1579;T+07:35:03;100;0;HUMEDO;32.81;
1580;T+07:40:03;100;0;HUMEDO;32.94;
1581;T+07:45:03;100;0;HUMEDO;32.94;
1582;T+07:50:03;100;0;HUMEDO;32.94;
1583;T+07:55:03;100;0;HUMEDO;32.94;
1584;T+08:00:03;100;0;HUMEDO;32.94;
1585;T+08:05:03;100;0;HUMEDO;33.00;
1586;T+08:10:03;100;0;HUMEDO;32.88;
1587;T+08:15:03;100;0;HUMEDO;32.88;
1588;T+08:20:03;100;0;HUMEDO;33.00;
1589;T+08:25:03;100;0;HUMEDO;33.06;
1590;T+08:30:03;100;0;HUMEDO;33.00;
1591;T+08:35:03;100;0;HUMEDO;32.94;
1592;T+08:40:03;100;0;HUMEDO;32.88;
1593;T+08:45:03;100;0;HUMEDO;33.06;
1594;T+08:50:03;100;0;HUMEDO;33.00;
1595;T+08:55:03;100;0;HUMEDO;32.88;
1596;T+09:00:03;100;0;HUMEDO;33.00;
1597;T+09:05:03;100;0;HUMEDO;33.00;
1598;T+00:00:02;100;0;HUMEDO;33.13;
1599;T+00:05:03;100;0;HUMEDO;33.19;
1600;T+00:10:03;100;0;HUMEDO;33.13;
1601;T+00:15:03;100;0;HUMEDO;33.13;
1602;T+00:20:03;100;0;HUMEDO;33.13;
1603;T+00:25:03;100;0;HUMEDO;33.25;
1604;T+00:30:03;100;0;HUMEDO;33.31;
1605;T+00:35:03;100;0;HUMEDO;33.25;
1606;T+00:40:03;100;0;HUMEDO;33.13;
1607;T+00:45:03;100;0;HUMEDO;33.19;
1608;T+00:50:03;100;0;HUMEDO;33.19;
1609;T+00:55:03;100;0;HUMEDO;33.06;
1610;T+01:00:03;100;0;HUMEDO;33.13;
1611;T+01:05:03;100;0;HUMEDO;33.13;
1612;T+01:10:03;100;0;HUMEDO;33.25;
1613;T+01:15:03;100;0;HUMEDO;33.13;
1614;T+01:20:03;100;0;HUMEDO;33.06;
1615;T+01:25:03;100;0;HUMEDO;33.06;
1616;T+01:30:03;100;0;HUMEDO;33.06;
1617;T+01:35:03;100;0;HUMEDO;33.19;
1618;T+01:40:03;100;0;HUMEDO;NA;
1619;T+01:45:03;100;0;HUMEDO;33.06;
1620;T+01:50:03;100;0;HUMEDO;33.25;
1621;T+01:55:03;100;0;HUMEDO;33.13;
1622;T+02:00:03;100;0;HUMEDO;33.19;
1623;T+02:05:03;100;0;HUMEDO;33.19;
1624;T+02:10:03;100;0;HUMEDO;33.19;
1625;T+02:15:03;100;0;HUMEDO;33.06;
1626;T+02:20:03;100;0;HUMEDO;33.19;
1627;T+02:25:03;100;0;HUMEDO;33.00;
1628;T+02:30:03;100;0;HUMEDO;33.13;
1629;T+02:35:03;100;0;HUMEDO;33.19;
1630;T+02:40:03;100;0;HUMEDO;33.06;
1631;T+02:45:03;100;0;HUMEDO;33.19;
1632;T+02:50:03;100;0;HUMEDO;33.13;
1633;T+02:55:03;100;0;HUMEDO;33.13;
1634;T+03:00:03;100;0;HUMEDO;33.06;
1635;T+03:05:03;100;0;HUMEDO;33.13;
1636;T+03:10:03;100;0;HUMEDO;33.13;
1637;T+03:15:03;100;0;HUMEDO;33.06;
1638;T+03:20:03;100;0;HUMEDO;33.19;
1639;T+03:25:03;100;0;HUMEDO;33.13;
1640;T+03:30:03;100;0;HUMEDO;33.06;
1641;T+03:35:03;100;0;HUMEDO;33.06;
1642;T+03:40:03;100;0;HUMEDO;33.19;
1643;T+03:45:03;100;0;HUMEDO;33.06;
1644;T+03:50:03;100;0;HUMEDO;33.13;
1645;T+03:55:03;100;0;HUMEDO;33.13;
1646;T+04:00:03;100;0;HUMEDO;33.06;
1647;T+04:05:03;100;0;HUMEDO;33.13;
1648;T+04:10:03;100;0;HUMEDO;33.06;
1649;T+04:15:03;100;0;HUMEDO;32.94;
1650;T+04:20:03;100;0;HUMEDO;32.94;
1651;T+04:25:03;100;0;HUMEDO;33.00;
1652;T+04:30:03;100;0;HUMEDO;33.00;
1653;T+04:35:03;100;0;HUMEDO;NA;
1654;T+04:40:03;100;0;HUMEDO;33.00;
1655;T+04:45:03;100;0;HUMEDO;32.94;
1656;T+04:50:03;100;0;HUMEDO;33.00;
1657;T+04:55:03;100;0;HUMEDO;33.06;
1658;T+05:00:03;100;0;HUMEDO;33.00;
1659;T+05:05:03;100;0;HUMEDO;33.00;
1660;T+05:10:03;100;0;HUMEDO;32.88;
1661;T+05:15:03;100;0;HUMEDO;33.00;
1662;T+05:20:03;100;0;HUMEDO;33.00;
1663;T+05:25:03;100;0;HUMEDO;32.81;
1664;T+05:30:03;100;0;HUMEDO;32.94;
1665;T+05:35:03;100;0;HUMEDO;32.81;
1666;T+05:40:03;100;0;HUMEDO;32.94;
1667;T+05:45:03;100;0;HUMEDO;32.88;
1668;T+05:50:03;100;0;HUMEDO;32.88;
1669;T+05:55:03;100;0;HUMEDO;32.94;
1670;T+06:00:03;100;0;HUMEDO;32.94;
1671;T+06:05:03;100;0;HUMEDO;32.81;
1672;T+06:10:03;100;0;HUMEDO;32.88;
1673;T+06:15:03;100;0;HUMEDO;32.88;
1674;T+06:20:03;100;0;HUMEDO;32.75;
1675;T+06:25:03;100;0;HUMEDO;32.81;
1676;T+06:30:03;100;0;HUMEDO;32.75;
1677;T+06:35:03;100;0;HUMEDO;32.81;
1678;T+06:40:03;100;0;HUMEDO;32.75;
1679;T+06:45:03;100;0;HUMEDO;32.75;
1680;T+06:50:03;100;0;HUMEDO;32.75;
1681;T+06:55:03;100;0;HUMEDO;32.75;
1682;T+07:00:03;100;0;HUMEDO;32.69;
1683;T+07:05:03;100;0;HUMEDO;32.75;
1684;T+07:10:03;100;0;HUMEDO;32.63;
1685;T+07:15:03;100;0;HUMEDO;32.56;
1686;T+07:20:03;100;0;HUMEDO;32.56;
1687;T+07:25:03;100;0;HUMEDO;32.75;
1688;T+07:30:03;100;0;HUMEDO;32.75;
1689;T+07:35:03;100;0;HUMEDO;32.69;
1690;T+07:40:03;100;0;HUMEDO;32.69;
1691;T+07:45:03;100;0;HUMEDO;32.69;
1692;T+07:50:03;100;0;HUMEDO;32.56;
1693;T+07:55:03;100;0;HUMEDO;32.56;
1694;T+08:00:03;100;0;HUMEDO;32.69;
1695;T+08:05:03;100;0;HUMEDO;32.63;
1696;T+08:10:03;100;0;HUMEDO;32.56;
1697;T+08:15:03;100;0;HUMEDO;32.63;
1698;T+08:20:03;100;0;HUMEDO;32.50;
1699;T+08:25:03;100;0;HUMEDO;32.50;
1700;T+08:30:03;100;0;HUMEDO;32.44;
1701;T+08:35:03;100;0;HUMEDO;32.44;
1702;T+08:40:03;100;0;HUMEDO;32.56;
1703;T+08:45:03;100;0;HUMEDO;32.56;
1704;T+08:50:03;100;0;HUMEDO;32.44;
1705;T+08:55:03;100;0;HUMEDO;32.44;
1706;T+09:00:03;100;0;HUMEDO;32.38;
1707;T+09:05:03;100;0;HUMEDO;32.56;
1708;T+09:10:03;100;0;HUMEDO;32.50;
1709;T+09:15:03;100;0;HUMEDO;32.50;
1710;T+09:20:03;100;0;HUMEDO;32.31;
1711;T+09:25:03;100;0;HUMEDO;32.44;
1712;T+09:30:03;100;0;HUMEDO;32.25;
1713;T+09:35:03;100;0;HUMEDO;32.44;
1714;T+09:40:03;100;0;HUMEDO;32.31;
1715;T+09:45:03;100;0;HUMEDO;32.38;
1716;T+09:50:03;100;0;HUMEDO;32.25;
1717;T+09:55:03;100;0;HUMEDO;32.38;
1718;T+10:00:03;100;0;HUMEDO;32.38;
1719;T+10:05:03;100;0;HUMEDO;32.31;
1720;T+10:10:03;100;0;HUMEDO;32.31;
1721;T+10:15:03;100;0;HUMEDO;32.25;
1722;T+10:20:03;100;0;HUMEDO;32.13;
1723;T+10:25:03;100;0;HUMEDO;32.25;
1724;T+10:30:03;100;0;HUMEDO;32.31;
1725;T+10:35:03;100;0;HUMEDO;32.19;
1726;T+10:40:03;100;0;HUMEDO;32.31;
1727;T+10:45:03;100;0;HUMEDO;32.19;
1728;T+10:50:03;100;0;HUMEDO;32.25;
1729;T+10:55:03;100;0;HUMEDO;32.06;
1730;T+11:00:03;100;0;HUMEDO;32.19;
1731;T+11:05:03;100;0;HUMEDO;32.06;
1732;T+11:10:03;100;0;HUMEDO;32.19;
1733;T+11:15:03;100;0;HUMEDO;32.25;
1734;T+11:20:03;100;0;HUMEDO;32.13;
1735;T+11:25:03;100;0;HUMEDO;32.19;
1736;T+11:30:03;100;0;HUMEDO;32.13;
1737;T+11:35:03;100;0;HUMEDO;32.19;
1738;T+11:40:03;100;0;HUMEDO;32.06;
1739;T+11:45:03;100;0;HUMEDO;32.19;
1740;T+11:50:03;100;0;HUMEDO;32.06;
1741;T+11:55:03;100;0;HUMEDO;31.94;
1742;T+12:00:03;100;0;HUMEDO;32.00;
1743;T+12:05:03;100;0;HUMEDO;32.00;
1744;T+12:10:03;100;0;HUMEDO;32.00;
1745;T+12:15:03;100;0;HUMEDO;32.00;
1746;T+12:20:03;100;0;HUMEDO;32.06;
1747;T+12:25:03;100;0;HUMEDO;32.06;
1748;T+12:30:03;100;0;HUMEDO;32.13;
1749;T+12:35:03;100;0;HUMEDO;32.06;
1750;T+12:40:03;100;0;HUMEDO;32.00;
1751;T+12:45:03;100;0;HUMEDO;32.06;
1752;T+12:50:03;100;0;HUMEDO;31.87;
1753;T+12:55:03;100;0;HUMEDO;32.00;
1754;T+13:00:03;100;0;HUMEDO;32.00;
1755;T+13:05:03;100;0;HUMEDO;32.00;
1756;T+13:10:03;100;0;HUMEDO;31.87;
1757;T+13:15:03;100;0;HUMEDO;31.87;
1758;T+13:20:03;100;0;HUMEDO;32.00;
1759;T+13:25:03;100;0;HUMEDO;31.81;
1760;T+13:30:03;100;0;HUMEDO;31.87;
1761;T+13:35:03;100;0;HUMEDO;31.94;
1762;T+13:40:03;100;0;HUMEDO;31.94;
1763;T+13:45:03;100;0;HUMEDO;31.94;
1764;T+13:50:03;100;0;HUMEDO;31.81;
1765;T+13:55:03;100;0;HUMEDO;32.00;
1766;T+14:00:03;100;0;HUMEDO;31.87;
1767;T+14:05:03;100;0;HUMEDO;31.94;
1768;T+14:10:03;100;0;HUMEDO;31.87;
1769;T+14:15:03;100;0;HUMEDO;31.87;
1770;T+14:20:03;100;0;HUMEDO;31.75;
1771;T+14:25:03;100;0;HUMEDO;31.81;
1772;T+14:30:03;100;0;HUMEDO;31.87;
1773;T+14:35:03;100;0;HUMEDO;31.87;
1774;T+14:40:03;100;0;HUMEDO;31.94;
1775;T+14:45:03;100;0;HUMEDO;31.81;
1776;T+14:50:03;100;0;HUMEDO;31.75;
1777;T+14:55:03;100;0;HUMEDO;31.81;
1778;T+15:00:03;100;0;HUMEDO;31.87;
1779;T+15:05:03;100;0;HUMEDO;31.94;
1780;T+15:10:03;100;0;HUMEDO;31.87;
1781;T+15:15:03;100;0;HUMEDO;31.87;
1782;T+15:20:03;100;0;HUMEDO;31.81;
1783;T+15:25:03;100;0;HUMEDO;31.81;
1784;T+15:30:03;100;0;HUMEDO;31.87;
1785;T+15:35:03;100;0;HUMEDO;31.81;
1786;T+15:40:03;100;0;HUMEDO;31.87;
1787;T+15:45:03;100;0;HUMEDO;31.75;
1788;T+15:50:03;100;0;HUMEDO;31.87;
1789;T+15:55:03;100;0;HUMEDO;31.75;
1790;T+16:00:03;100;0;HUMEDO;31.94;
1791;T+16:05:03;100;0;HUMEDO;31.87;
1792;T+16:10:03;100;0;HUMEDO;31.75;
1793;T+16:15:03;100;0;HUMEDO;31.87;
1794;T+16:20:03;100;0;HUMEDO;31.81;
1795;T+16:25:03;100;0;HUMEDO;31.75;
1796;T+16:30:03;100;0;HUMEDO;31.87;
1797;T+16:35:03;100;0;HUMEDO;31.81;
1798;T+16:40:03;100;0;HUMEDO;31.94;
1799;T+16:45:03;100;0;HUMEDO;31.87;
1800;T+16:50:03;100;0;HUMEDO;31.87;
1801;T+16:55:03;100;0;HUMEDO;31.94;
1802;T+17:00:03;100;0;HUMEDO;31.94;
1803;T+17:05:03;100;0;HUMEDO;32.00;
1804;T+17:10:03;100;0;HUMEDO;31.87;
1805;T+17:15:03;100;0;HUMEDO;32.00;
1806;T+17:20:03;100;0;HUMEDO;32.00;
1807;T+17:25:03;100;0;HUMEDO;32.06;
1808;T+17:30:03;100;0;HUMEDO;32.06;
1809;T+17:35:03;100;0;HUMEDO;31.87;
1810;T+17:40:03;100;0;HUMEDO;32.00;
1811;T+17:45:03;100;0;HUMEDO;31.94;
1812;T+17:50:03;100;0;HUMEDO;31.94;
1813;T+17:55:03;100;0;HUMEDO;32.06;
1814;T+18:00:03;100;0;HUMEDO;32.00;
1815;T+18:05:03;100;0;HUMEDO;32.00;
1816;T+18:10:03;100;0;HUMEDO;32.00;
1817;T+18:15:03;100;0;HUMEDO;32.00;
1818;T+18:20:03;100;0;HUMEDO;32.06;
1819;T+18:25:03;100;0;HUMEDO;32.00;
1820;T+18:30:03;100;0;HUMEDO;32.13;
1821;T+18:35:03;100;0;HUMEDO;32.13;
1822;T+18:40:03;100;0;HUMEDO;32.13;
1823;T+18:45:03;100;48;HUMEDO;27.06;
1824;T+00:00:02;100;64;HUMEDO;27.06;
1825;T+00:00:02;100;68;HUMEDO;27.37;
1826;T+00:00:02;100;74;HUMEDO;27.62;
